feature_names,coef,coef_as_percent,pvalues,confidence_lower,confidence_upper,std_error,rsquared,adj_rsquared,year
const,7.296391538580694,147396.79483132367,2.83846314564118e-309,6.926106839769005,7.666676237392382,0.1889068814251093,0.15592231414641167,0.15271922638892232,2016/17
NSSEC5,-0.21763314826122715,-19.55795094006755,7.363509515260444e-11,-0.28307718185780906,-0.15218911466464524,0.03338735933265661,0.15592231414641167,0.15271922638892232,2016/17
Educ6,-0.13653128430074044,-12.762097193515798,1.6808902668511265e-14,-0.1713701810597589,-0.10169238754172197,0.0177736410933483,0.15592231414641167,0.15271922638892232,2016/17
nchild,0.03841641320035268,3.916386434596242,0.28939950142900184,-0.03265762648400045,0.10949045288470582,0.03625960032953916,0.15592231414641167,0.15271922638892232,2016/17
nadult,-0.05912444751166591,-5.741054105491905,0.06870242688373347,-0.12278339768703553,0.004534502663703706,0.032476669414150484,0.15592231414641167,0.15271922638892232,2016/17
VolAny,0.4469852618908547,56.359125473803104,5.472899147192685e-15,0.3350129734071207,0.5589575503745887,0.057124520379525784,0.15592231414641167,0.15271922638892232,2016/17
Motiva_POP,-0.6879623386378112,-49.74008467622591,1.7738747208402804e-225,-0.7292103610699006,-0.6467143162057218,0.02104336287079921,0.15592231414641167,0.15271922638892232,2016/17
motivd_POP,-0.002243328501675637,-0.2240814120837875,0.9165869772328062,-0.044227475815532276,0.03974081881218101,0.021418909190159284,0.15592231414641167,0.15271922638892232,2016/17
Gend3_2.0,-0.04483445607063461,-4.384424548711485,0.2917989031592303,-0.12819610025674955,0.03852718811548032,0.04252832559434798,0.15592231414641167,0.15271922638892232,2016/17
Disab3_2.0,0.34699088895626673,41.480383497209175,6.86368986376334e-05,0.1761943095859649,0.5177874683265685,0.08713470815959463,0.15592231414641167,0.15271922638892232,2016/17
Disab3_3.0,0.2268703209499061,25.466715334554046,0.0021189680888161187,0.08218891047209506,0.37155173142771714,0.07381162154758383,0.15592231414641167,0.15271922638892232,2016/17
Age9_3.0,-0.17357447847259536,-15.934546183573284,0.1066417191782945,-0.3844287387054445,0.03727978176025376,0.10757079853316538,0.15592231414641167,0.15271922638892232,2016/17
Age9_4.0,-0.12833842559640185,-12.04443353799901,0.25574837664946937,-0.349677094853015,0.09300024366021128,0.11291959371325402,0.15592231414641167,0.15271922638892232,2016/17
Age9_5.0,-0.08642536372349177,-8.279599707833052,0.45144858594873866,-0.3113929972893594,0.13854226984237583,0.11477097005330886,0.15592231414641167,0.15271922638892232,2016/17
Age9_6.0,-0.25459930753979015,-22.47729366244391,0.03451386041920504,-0.4906426577461129,-0.018555957333467432,0.12042143062273306,0.15592231414641167,0.15271922638892232,2016/17
Age9_7.0,-0.6457575304229756,-47.57347552294399,2.8396700159225784e-06,-0.9159846591824898,-0.37553040166346136,0.13786085229620054,0.15592231414641167,0.15271922638892232,2016/17
Eth7_2.0,-0.38269147508840323,-31.797671199612033,2.1036058745331522e-11,-0.4945764284449115,-0.27080652173189496,0.05707996491564619,0.15592231414641167,0.15271922638892232,2016/17
Eth7_3.0,-0.948694032573842,-61.27535754196367,2.0988848554362264e-46,-1.0782012438483606,-0.8191868212993234,0.06607025211261527,0.15592231414641167,0.15271922638892232,2016/17
Eth7_4.0,-0.8268338810597037,-56.256794191932144,1.8010117896589966e-21,-0.9968539992920581,-0.6568137628273493,0.08673858363004167,0.15592231414641167,0.15271922638892232,2016/17
Eth7_5.0,-1.0424701830944396,-64.7417338352921,1.7711065222998057e-13,-1.319624649068786,-0.7653157171200934,0.14139494828783516,0.15592231414641167,0.15271922638892232,2016/17
Eth7_6.0,-0.021676743370055544,-2.144349119109079,0.851898866482875,-0.2492588478941501,0.205905361154039,0.11610478578180145,0.15592231414641167,0.15271922638892232,2016/17
Eth7_7.0,-0.5476904969191918,-42.171618240102184,1.4656050103977082e-05,-0.7953139495595547,-0.3000670442788289,0.12632921197156582,0.15592231414641167,0.15271922638892232,2016/17
IMD10_2.0,0.07113237543929975,7.372335106149053,0.3454395401661383,-0.07664594180050531,0.2189106926791048,0.07539155990407029,0.15592231414641167,0.15271922638892232,2016/17
IMD10_3.0,0.14401459560228583,15.490096487706184,0.07247535904255027,-0.013138958974892367,0.301168150179464,0.08017449274927567,0.15592231414641167,0.15271922638892232,2016/17
IMD10_4.0,0.01108983055365161,1.1151550668705879,0.8953173718640195,-0.15411329037557686,0.1762929514828801,0.08428111255093168,0.15592231414641167,0.15271922638892232,2016/17
IMD10_5.0,0.2168726540471236,24.218590471739134,0.01472689847745298,0.042604093487796285,0.3911412146064509,0.0889059969568101,0.15592231414641167,0.15271922638892232,2016/17
IMD10_6.0,0.3021068480174533,35.27057529160722,0.0008002703037608848,0.12552224927527733,0.47869144675962927,0.09008756225450532,0.15592231414641167,0.15271922638892232,2016/17
IMD10_7.0,0.09400826266357906,9.856882298427605,0.3301463488044215,-0.09520852012094747,0.28322504544810556,0.09653208048787162,0.15592231414641167,0.15271922638892232,2016/17
IMD10_8.0,0.1046045872539914,11.027150804229047,0.3007410823357145,-0.09352354626257713,0.3027327207705599,0.10107835388636151,0.15592231414641167,0.15271922638892232,2016/17
IMD10_9.0,0.16370331116225512,17.786480390756033,0.09776114986304812,-0.0300750213641168,0.357481643688627,0.09885923075620003,0.15592231414641167,0.15271922638892232,2016/17
IMD10_10.0,0.31331695136612747,36.79550375416849,0.01895709295978505,0.051606480254625,0.57502742247763,0.1335159381217442,0.15592231414641167,0.15271922638892232,2016/17
WorkStat10_2.0,0.08250238293284484,8.600126130404838,0.1858219556424305,-0.039722244420641345,0.20472701028633103,0.06235492112093817,0.15592231414641167,0.15271922638892232,2016/17
WorkStat10_3.0,0.4124834833469306,51.056459263031506,0.0044642466427554555,0.12817497721673055,0.6967919894771306,0.14504470054540722,0.15592231414641167,0.15271922638892232,2016/17
WorkStat10_4.0,-0.23615195505246034,-21.03393281132474,0.13635137670447553,-0.5468994614888519,0.07459555138393126,0.1585329951248712,0.15592231414641167,0.15271922638892232,2016/17
WorkStat10_5.0,0.08705940892756299,9.096149064525672,0.34233106573764055,-0.09264606070308427,0.26676487855821024,0.09167972630763392,0.15592231414641167,0.15271922638892232,2016/17
WorkStat10_6.0,0.24083103498544378,27.230604193666565,0.020873191037787373,0.03652301735536739,0.44513905261552017,0.10423112427951525,0.15592231414641167,0.15271922638892232,2016/17
WorkStat10_7.0,-1.0466568079450216,-64.88903839897155,5.253478051480943e-10,-1.376707592017839,-0.7166060238722041,0.16838088241614368,0.15592231414641167,0.15271922638892232,2016/17
WorkStat10_8.0,0.6880041189082444,98.97402824914793,7.739093085291883e-07,0.4152437198711629,0.9607645179453259,0.13915324215048813,0.15592231414641167,0.15271922638892232,2016/17
WorkStat10_9.0,-0.05568668829391379,-5.416456921586111,0.8589113058031127,-0.6697262449744587,0.5583528683866311,0.313262465601284,0.15592231414641167,0.15271922638892232,2016/17
WorkStat10_10.0,0.302345833530818,35.30290686272111,0.012196279382087654,0.06592856597254995,0.5387631010890861,0.12061219076241318,0.15592231414641167,0.15271922638892232,2016/17
HHLiv12_2.0,0.3130473903177733,36.75863398431656,0.007983481559317036,0.08177028830354574,0.5443244923320009,0.11798985004444765,0.15592231414641167,0.15271922638892232,2016/17
HHLiv12_3.0,-0.4667841817637184,-37.29846028318426,0.0004364581676145485,-0.7268731319321249,-0.2066952315953119,0.13268869231464284,0.15592231414641167,0.15271922638892232,2016/17
HHLiv12_4.0,-0.04441735617418877,-4.3445349837037295,0.7538896287735067,-0.3221159540559433,0.23328124170756573,0.14167254620652384,0.15592231414641167,0.15271922638892232,2016/17
HHLiv12_5.0,0.037006381345427775,3.769964273689941,0.5897331171919956,-0.09751326258715282,0.17152602527800836,0.06862742777995064,0.15592231414641167,0.15271922638892232,2016/17
HHLiv12_6.0,-0.46748005617458926,-37.34207750238193,6.573860473857566e-06,-0.6707083261548494,-0.26425178619432915,0.10368027310497992,0.15592231414641167,0.15271922638892232,2016/17
HHLiv12_7.0,0.009353446844525035,0.9397327032091951,0.9379261092479256,-0.22606672236876207,0.24477361605781212,0.12010350450173601,0.15592231414641167,0.15271922638892232,2016/17
HHLiv12_8.0,-0.12029827887626006,-11.334407346317777,0.6948672440216886,-0.7214243453064274,0.48082778755390726,0.3066744343395521,0.15592231414641167,0.15271922638892232,2016/17
HHLiv12_9.0,-0.38071974610852644,-31.663062028629696,0.1098016286880683,-0.8473709816211717,0.08593148940411888,0.2380698686625972,0.15592231414641167,0.15271922638892232,2016/17
HHLiv12_10.0,-0.02862196235315076,-2.8216234116550276,0.8118594036449138,-0.2643171422067414,0.20707321750043986,0.12024380574179584,0.15592231414641167,0.15271922638892232,2016/17
HHLiv12_11.0,-0.16695273921338002,-15.376039565849942,0.22690344484369815,-0.4377597477445758,0.1038542693178158,0.13815668758083807,0.15592231414641167,0.15271922638892232,2016/17
HHLiv12_12.0,-0.7045223157814114,-50.56553414932956,0.00295539023672681,-1.1690409928892926,-0.2400036386735302,0.23698190861727605,0.15592231414641167,0.15271922638892232,2016/17
const,7.229240546398066,137817.46870694202,3.0730487523445157e-263,6.831025083830163,7.62745600896597,0.20315354279856507,0.14357093209693783,0.13977977833745026,2017/18
NSSEC5,-0.1279932272472453,-12.014066180577931,0.00034207597875636177,-0.1980301483204145,-0.057956306174076086,0.03573002552680038,0.14357093209693783,0.13977977833745026,2017/18
Educ6,-0.1884844338339333,-17.17866045544456,4.2619230087711897e-23,-0.2257325246225856,-0.15123634304528097,0.01900248061037305,0.14357093209693783,0.13977977833745026,2017/18
nchild,-0.022568896719587304,-2.231612433895769,0.580630710536824,-0.1026422496849351,0.057504456245760484,0.0408502101695675,0.14357093209693783,0.13977977833745026,2017/18
nadult,0.0570162532138776,5.867301709464101,0.0992952475664476,-0.010783232955755354,0.12481573938351055,0.03458857605996294,0.14357093209693783,0.13977977833745026,2017/18
VolAny,0.4297806557947423,53.692037199597365,3.85739155349248e-11,0.3024439172772976,0.557117394312187,0.06496209210816933,0.14357093209693783,0.13977977833745026,2017/18
Motiva_POP,-0.648943417622187,-47.74023473710295,2.0909418680912255e-171,-0.6937528278302145,-0.6041340074141595,0.022859962231935493,0.14357093209693783,0.13977977833745026,2017/18
motivd_POP,0.011589494169406713,1.1656912553548615,0.6193026044466947,-0.03413309212969873,0.05731208046851216,0.023325828014507353,0.14357093209693783,0.13977977833745026,2017/18
Gend3_2.0,-0.05316570778407332,-5.1777128447932474,0.2475547255171719,-0.1432873984697708,0.03695598290162414,0.04597646868791271,0.14357093209693783,0.13977977833745026,2017/18
Gend3_3.0,1.3613115077045979,290.13065416229165,0.11983466985939471,-0.354059046961666,3.0766820623708617,0.8751131941125165,0.14357093209693783,0.13977977833745026,2017/18
Disab3_2.0,0.33328447267781863,39.55442362140453,0.0003862918472474731,0.14927471155284935,0.5172942338027879,0.09387439312626089,0.14357093209693783,0.13977977833745026,2017/18
Disab3_3.0,0.25393375690860603,28.908640837062705,0.0014861481935594177,0.09731595352469491,0.41055156029251716,0.07990011592617441,0.14357093209693783,0.13977977833745026,2017/18
Age9_3.0,-0.02402309008759054,-2.373683250438996,0.8394090152738996,-0.25638625917932123,0.20834007900414014,0.11854236074230218,0.14357093209693783,0.13977977833745026,2017/18
Age9_4.0,0.013184882313836258,1.3272186149631215,0.915571577167819,-0.2305956067712629,0.25696537139893544,0.1243670190590851,0.14357093209693783,0.13977977833745026,2017/18
Age9_5.0,0.03906660462978742,3.983973948463926,0.7563697112993286,-0.20775045141852436,0.2858836606780992,0.12591615362192626,0.14357093209693783,0.13977977833745026,2017/18
Age9_6.0,-0.1921152488694093,-17.47882417110501,0.14599316114613817,-0.4511227144029638,0.06689221666414516,0.13213521116208893,0.14357093209693783,0.13977977833745026,2017/18
Age9_7.0,-0.652581336891952,-47.9300061483559,1.5257864738012473e-05,-0.9482214196400602,-0.35694125414384376,0.15082370186290214,0.14357093209693783,0.13977977833745026,2017/18
Eth7_2.0,-0.4014781309511673,-33.06700428508121,5.2104225696385324e-11,-0.5212400336111273,-0.2817162282912073,0.06109771494249556,0.14357093209693783,0.13977977833745026,2017/18
Eth7_3.0,-0.8383207398100717,-56.75639132410475,3.7099964772048805e-30,-0.981924325996488,-0.6947171536236554,0.07326078476265828,0.14357093209693783,0.13977977833745026,2017/18
Eth7_4.0,-0.827734369441332,-56.29616671062914,3.250992908916098e-18,-1.0138680440735708,-0.6416006948090932,0.09495792853399498,0.14357093209693783,0.13977977833745026,2017/18
Eth7_5.0,-0.5125813918813218,-40.10525365937132,0.0008623010359599487,-0.8140485175587524,-0.21111426620389118,0.1537964252410892,0.14357093209693783,0.13977977833745026,2017/18
Eth7_6.0,-0.1427537513061938,-13.303246776573886,0.2509874201463328,-0.3864982356047639,0.10099073299237626,0.12434865086239599,0.14357093209693783,0.13977977833745026,2017/18
Eth7_7.0,-0.8222569450847952,-56.05612546596224,3.743163196453892e-09,-1.0954493197112956,-0.5490645704582948,0.1393717823336972,0.14357093209693783,0.13977977833745026,2017/18
IMD10_2.0,-0.19025732606463683,-17.32536368192852,0.01713700017989864,-0.34668388283499574,-0.03383076929427789,0.07980254958146038,0.14357093209693783,0.13977977833745026,2017/18
IMD10_3.0,-0.12254626012561506,-11.533502071619118,0.15265142433614637,-0.29048837801193633,0.045395857760706204,0.08567732657513935,0.14357093209693783,0.13977977833745026,2017/18
IMD10_4.0,-0.11431581684442699,-10.802378971728842,0.2108225957524055,-0.29338138571311906,0.06474975202426508,0.09135206471976745,0.14357093209693783,0.13977977833745026,2017/18
IMD10_5.0,-0.10752998556527289,-10.195040647763987,0.25766004435572554,-0.2937295885124032,0.07866961738185745,0.09499156251358629,0.14357093209693783,0.13977977833745026,2017/18
IMD10_6.0,-0.03693282533299727,-3.625912785314389,0.7070775649613195,-0.22957764626815416,0.15571199560215962,0.09827965399032888,0.14357093209693783,0.13977977833745026,2017/18
IMD10_7.0,-0.08102930708662082,-7.783333496975365,0.43072142917981915,-0.28259547836135146,0.12053686418810983,0.10283096878946865,0.14357093209693783,0.13977977833745026,2017/18
IMD10_8.0,0.00873744268747297,0.8775725556725344,0.9362368292365897,-0.20534234981570704,0.222817235190653,0.1092149159858067,0.14357093209693783,0.13977977833745026,2017/18
IMD10_9.0,-0.006174304420686378,-0.6155282572176013,0.9525398572153352,-0.20951625174136893,0.1971676428999962,0.10373689844028036,0.14357093209693783,0.13977977833745026,2017/18
IMD10_10.0,0.009178123296115571,0.9220371423657392,0.9480053567005406,-0.26669657817171605,0.28505282476394717,0.14074019780718527,0.14357093209693783,0.13977977833745026,2017/18
WorkStat10_2.0,0.07977318876198375,8.304139385585696,0.2329696492736273,-0.05132014285116185,0.21086652037512935,0.0668785550986393,0.14357093209693783,0.13977977833745026,2017/18
WorkStat10_3.0,0.32206255331612244,37.997109502559326,0.03343227993754121,0.025275895277633298,0.6188492113546116,0.15140863854723913,0.14357093209693783,0.13977977833745026,2017/18
WorkStat10_4.0,-0.5492345563501648,-42.26083979891556,0.002315021376573069,-0.9025395088511863,-0.19592960384914337,0.18024200347725633,0.14357093209693783,0.13977977833745026,2017/18
WorkStat10_5.0,0.12600847013225272,13.429177584369079,0.19808318695884708,-0.06589336519630667,0.3179103054608121,0.09790061256070864,0.14357093209693783,0.13977977833745026,2017/18
WorkStat10_6.0,0.034038520337023835,3.4624460043425342,0.7695098347371682,-0.19366128239142055,0.26173832306546824,0.11616329843276736,0.14357093209693783,0.13977977833745026,2017/18
WorkStat10_7.0,-0.9632283201414629,-61.834122172150984,4.38367741598351e-08,-1.307875199838283,-0.6185814404446428,0.17582500230749015,0.14357093209693783,0.13977977833745026,2017/18
WorkStat10_8.0,0.6568838988621661,92.87727095581641,1.7131545162666064e-05,0.3575210274710406,0.9562467702532917,0.15272291917867947,0.14357093209693783,0.13977977833745026,2017/18
WorkStat10_9.0,0.3547069836825359,42.576282129705476,0.29394864094621787,-0.3077561854180489,1.0171701527831207,0.33796211455098873,0.14357093209693783,0.13977977833745026,2017/18
WorkStat10_10.0,0.19095871573924855,21.040948018918428,0.15850796360633967,-0.07447301552492275,0.45639044700341985,0.13541261363822124,0.14357093209693783,0.13977977833745026,2017/18
HHLiv12_2.0,0.15232154867243367,16.453463080041743,0.22613238967841756,-0.09434452414550021,0.39898762149036754,0.12583912803895003,0.14357093209693783,0.13977977833745026,2017/18
HHLiv12_3.0,-0.2337008340153835,-20.840140015048945,0.09932144266601393,-0.5116220120400574,0.044220344009290424,0.1417842279914874,0.14357093209693783,0.13977977833745026,2017/18
HHLiv12_4.0,-0.14839810558947023,-13.791215537189705,0.3205429334858546,-0.44122044819672923,0.14442423701778875,0.14938620396011382,0.14357093209693783,0.13977977833745026,2017/18
HHLiv12_5.0,0.16159407411759702,17.538302607852074,0.028412177307123518,0.01707887687343887,0.30610927136175514,0.07372585212804972,0.14357093209693783,0.13977977833745026,2017/18
HHLiv12_6.0,-0.29248209559087845,-25.35913910786489,0.011027916353095664,-0.5179989972737382,-0.06696519390801864,0.11504966995101654,0.14357093209693783,0.13977977833745026,2017/18
HHLiv12_7.0,0.04888215861706662,5.009659861321625,0.7061270500960988,-0.20522670877315086,0.3029910260072841,0.12963614304165982,0.14357093209693783,0.13977977833745026,2017/18
HHLiv12_8.0,-0.09282061829809485,-8.864303360203596,0.8171492987281476,-0.8797140521752689,0.6940728155790792,0.40144144043582214,0.14357093209693783,0.13977977833745026,2017/18
HHLiv12_9.0,-0.1825456164536071,-16.68533621334679,0.4722305255645854,-0.6802939226127288,0.31520268970551457,0.2539312038918319,0.14357093209693783,0.13977977833745026,2017/18
HHLiv12_10.0,0.0683417914510456,7.07312127186166,0.5974214765420581,-0.1853122816313569,0.3219958645334481,0.12940412524335176,0.14357093209693783,0.13977977833745026,2017/18
HHLiv12_11.0,-0.4114574343380105,-33.73162720342749,0.00555423190252054,-0.7022525105433803,-0.12066235813264076,0.14835197402568462,0.14357093209693783,0.13977977833745026,2017/18
HHLiv12_12.0,-0.248456440564622,-21.999616337813976,0.33322650508807516,-0.7517414493091794,0.2548285681799354,0.2567558072821672,0.14357093209693783,0.13977977833745026,2017/18
const,6.783418236339914,88208.21543764346,1.2523333379952684e-249,6.3991584121006415,7.1676780605791865,0.19603379597048132,0.15278071048315778,0.1490047615392306,2018/19
NSSEC5,-0.12888578201249107,-12.092563408334446,0.000364245585920552,-0.1997363950980065,-0.05803516892697563,0.03614511263956892,0.15278071048315778,0.1490047615392306,2018/19
Educ6,-0.17513711699402684,-16.065807516311082,9.44327305597578e-20,-0.21281324002950983,-0.13746099395854386,0.019220831713849987,0.15278071048315778,0.1490047615392306,2018/19
nchild,0.025622472077382028,2.595354923888249,0.5256446407609889,-0.053510012754403063,0.10475495690916711,0.04037018810608705,0.15278071048315778,0.1490047615392306,2018/19
nadult,0.015125303004370374,1.5240269301889153,0.6678270349867139,-0.05396161126898172,0.08421221727772246,0.035245344953000364,0.15278071048315778,0.1490047615392306,2018/19
VolAny,0.4570092875782414,57.934355245813826,9.023395341748098e-13,0.33176876768274033,0.5822498074737424,0.06389263976018457,0.15278071048315778,0.1490047615392306,2018/19
Motiva_POP,-0.6522508581816909,-47.91279528018839,1.442621044225602e-179,-0.6961995486263288,-0.608302167737053,0.022420841504443362,0.15278071048315778,0.1490047615392306,2018/19
motivd_POP,0.027503321815366227,2.788502954586747,0.22954543782888254,-0.017363070814515446,0.0723697144452479,0.022889015983260916,0.15278071048315778,0.1490047615392306,2018/19
Gend3_2.0,-0.020266977634709058,-2.0062982886859038,0.6544545306677415,-0.10902314193809785,0.06848918666867974,0.045279799517471395,0.15278071048315778,0.1490047615392306,2018/19
Gend3_3.0,-0.25556689097426044,-22.552267071527822,0.6268201863831421,-1.2858709272142592,0.7747371452657382,0.5256193816974974,0.15278071048315778,0.1490047615392306,2018/19
Disab3_2.0,0.17861999748563293,19.556633962076788,0.035239533812157185,0.01235620639639301,0.34488378857487284,0.08482105087148396,0.15278071048315778,0.1490047615392306,2018/19
Disab3_3.0,0.12490543390770069,13.304130071219443,0.08585894657369902,-0.017622860718136138,0.26743372853353753,0.07271216210025629,0.15278071048315778,0.1490047615392306,2018/19
Age9_3.0,0.05321230802841823,5.465353276414819,0.6456677249388915,-0.17363629812807377,0.28006091418491025,0.11572896922936993,0.15278071048315778,0.1490047615392306,2018/19
Age9_4.0,0.10032602630653333,10.553129161059015,0.4121692931680075,-0.13946582868486723,0.3401178812979339,0.12233209045423599,0.15278071048315778,0.1490047615392306,2018/19
Age9_5.0,0.1351994147654158,14.476504464415552,0.2770582391315379,-0.10860298276969566,0.37900181230052726,0.12437810679305365,0.15278071048315778,0.1490047615392306,2018/19
Age9_6.0,-0.08074257477058468,-7.756888207433443,0.5309930988079719,-0.33336316495678386,0.17187801541561454,0.1288767914588628,0.15278071048315778,0.1490047615392306,2018/19
Age9_7.0,-0.3721747020322628,-31.07661785436866,0.010700504014636467,-0.6579552796616234,-0.08639412440290228,0.14579367374205635,0.15278071048315778,0.1490047615392306,2018/19
Eth7_2.0,-0.39397552133158287,-32.56294362681774,7.702687769970518e-11,-0.5125573752196919,-0.2753936674434738,0.060495658105615704,0.15278071048315778,0.1490047615392306,2018/19
Eth7_3.0,-1.0759681880356524,-65.9032525189674,2.5275515072160635e-51,-1.2152179315294482,-0.9367184445418566,0.07103957812671778,0.15278071048315778,0.1490047615392306,2018/19
Eth7_4.0,-0.7826288874793746,-54.27975038722468,4.1146717921886157e-16,-0.9709275334663621,-0.5943302414923872,0.0960623412088638,0.15278071048315778,0.1490047615392306,2018/19
Eth7_5.0,-0.7065665358749089,-50.66648585882126,6.310198321743624e-06,-1.0131276600695822,-0.4000054116802356,0.15639506678022885,0.15278071048315778,0.1490047615392306,2018/19
Eth7_6.0,-0.3312867849200513,-28.200077183963256,0.004114784068704809,-0.5575666249933164,-0.10500694484678624,0.11543880781440814,0.15278071048315778,0.1490047615392306,2018/19
Eth7_7.0,-0.7690757185074026,-53.65587794427834,4.656890194187911e-09,-1.0261774711579768,-0.5119739658568285,0.1311628990164014,0.15278071048315778,0.1490047615392306,2018/19
IMD10_2.0,0.26005497184956367,29.700138327102565,0.0012010778074544248,0.10269667819179754,0.4174132655073298,0.08027782684343644,0.15278071048315778,0.1490047615392306,2018/19
IMD10_3.0,0.2928272390138953,34.02112342159056,0.0006443552322596318,0.12465736451417339,0.46099711351361716,0.08579345741211797,0.15278071048315778,0.1490047615392306,2018/19
IMD10_4.0,0.4948995703291745,64.03334926317588,5.528224522930464e-08,0.3164778644951741,0.6733212761631748,0.09102352645742184,0.15278071048315778,0.1490047615392306,2018/19
IMD10_5.0,0.47307739684414984,60.492559434551055,7.229177956722579e-07,0.2860389053841139,0.6601158883041858,0.09541946141804322,0.15278071048315778,0.1490047615392306,2018/19
IMD10_6.0,0.3302538938369715,39.13213315351651,0.0008337545392798541,0.13656440746614115,0.5239433802078018,0.09881252958988394,0.15278071048315778,0.1490047615392306,2018/19
IMD10_7.0,0.45944667502143444,58.31977197427713,9.17838498845349e-06,0.25650411596782846,0.6623892340750404,0.10353307243088043,0.15278071048315778,0.1490047615392306,2018/19
IMD10_8.0,0.4150893570446458,51.45060664319987,0.0001035875728662258,0.20557002246391848,0.624608691625373,0.10688827687979661,0.15278071048315778,0.1490047615392306,2018/19
IMD10_9.0,0.5226611454128692,68.65097309531261,9.027429274537828e-07,0.314192409865991,0.7311298809597475,0.10635230381246885,0.15278071048315778,0.1490047615392306,2018/19
IMD10_10.0,0.4269334193587899,53.255062012408416,0.00120425139687814,0.16853751051981547,0.6853293281977644,0.13182312507748664,0.15278071048315778,0.1490047615392306,2018/19
WorkStat10_2.0,0.12122250841550963,12.887606884947878,0.06722131982567334,-0.008596865083513427,0.2510418819145327,0.06622858537945028,0.15278071048315778,0.1490047615392306,2018/19
WorkStat10_3.0,-0.04985478762298208,-4.863243518386584,0.7339636003559333,-0.33739132953905293,0.2376817542930888,0.14668949558706423,0.15278071048315778,0.1490047615392306,2018/19
WorkStat10_4.0,-0.09749128060796752,-9.28897490287861,0.5790695863662764,-0.44196378831677924,0.2469812271008442,0.1757359188598924,0.15278071048315778,0.1490047615392306,2018/19
WorkStat10_5.0,0.015976627007122594,1.610493571511995,0.8697768249613426,-0.17504354313359322,0.20699679714783842,0.09745075258321688,0.15278071048315778,0.1490047615392306,2018/19
WorkStat10_6.0,-0.07420143172284924,-7.151535125892372,0.5248065561764681,-0.30290210599866174,0.1544992425529633,0.11667381935661154,0.15278071048315778,0.1490047615392306,2018/19
WorkStat10_7.0,-1.0887111722293719,-66.3349901778485,5.690681397352993e-09,-1.4547559806559147,-0.722666363802829,0.18674123279268676,0.15278071048315778,0.1490047615392306,2018/19
WorkStat10_8.0,0.5908517602428333,80.55256355872082,0.00016352650163534998,0.2837120478710875,0.897991472614579,0.15669023902957785,0.15278071048315778,0.1490047615392306,2018/19
WorkStat10_9.0,0.4094118798150906,50.593185570046906,0.1594736249847795,-0.1609890584283999,0.979812818058581,0.29099545176330593,0.15278071048315778,0.1490047615392306,2018/19
WorkStat10_10.0,-0.07403172419353157,-7.135776705194152,0.5878210078694478,-0.34176554906783985,0.19370210068077667,0.13658695155995612,0.15278071048315778,0.1490047615392306,2018/19
HHLiv12_2.0,0.32826770035324143,38.85606407133246,0.007735022336785697,0.08671866127031455,0.5698167394361683,0.12322853459424671,0.15278071048315778,0.1490047615392306,2018/19
HHLiv12_3.0,-0.34101557328878257,-28.8952165233084,0.020380266720138762,-0.6291903324139542,-0.05284081416361097,0.14701508815298336,0.15278071048315778,0.1490047615392306,2018/19
HHLiv12_4.0,-0.2146483578759863,-19.31748960063936,0.16015716518112724,-0.5141907547380848,0.0848940389861122,0.15281439642362749,0.15278071048315778,0.1490047615392306,2018/19
HHLiv12_5.0,0.1573770724639941,17.043687021748454,0.0290687039177211,0.016053080582502544,0.29870106434548566,0.07209777562636703,0.15278071048315778,0.1490047615392306,2018/19
HHLiv12_6.0,-0.37497337672636705,-31.269242307491652,0.0010055075718771833,-0.5983928077589542,-0.15155394569377983,0.11397954299695691,0.15278071048315778,0.1490047615392306,2018/19
HHLiv12_7.0,0.029551805228372467,2.9992793101646376,0.819759954419109,-0.22466948707811657,0.2837730975348615,0.12969340483622963,0.15278071048315778,0.1490047615392306,2018/19
HHLiv12_8.0,0.5224855565850319,68.62136246835688,0.1610350568586851,-0.20817631388257873,1.2531474270526426,0.3727540872174765,0.15278071048315778,0.1490047615392306,2018/19
HHLiv12_9.0,-0.781878081184689,-54.24541044631206,0.0037216814289564902,-1.3101049598129668,-0.25365120255641116,0.2694799550177824,0.15278071048315778,0.1490047615392306,2018/19
HHLiv12_10.0,0.0607937361865046,6.267969921263039,0.6513423376560444,-0.20290062880735052,0.3244881011803597,0.1345261827673732,0.15278071048315778,0.1490047615392306,2018/19
HHLiv12_11.0,0.053768319087083544,5.524009484381565,0.7121009955875162,-0.231820459727239,0.3393570979014061,0.14569582575638942,0.15278071048315778,0.1490047615392306,2018/19
HHLiv12_12.0,-0.28781935755756655,-25.010295676196247,0.2791648730352272,-0.8091184721311742,0.23347975701604112,0.2659456904406477,0.15278071048315778,0.1490047615392306,2018/19
const,6.851871866046239,94464.9379948634,5.148753575115175e-162,6.3664866341973285,7.33725709789515,0.24761778031995207,0.1539097789427597,0.14926043067490924,2019/20
NSSEC5,-0.30027492301953096,-25.93854193064926,5.388368514197992e-12,-0.3855308446685439,-0.21501900137051796,0.04349304571431972,0.1539097789427597,0.14926043067490924,2019/20
Educ6,-0.19481815718266507,-17.701570176647653,2.1060487863303588e-16,-0.24121387862296317,-0.14842243574236696,0.023668634325004566,0.1539097789427597,0.14926043067490924,2019/20
nchild,-0.016909707667758535,-1.6767541021115218,0.7165107104856164,-0.10818855786424174,0.07436914252872466,0.04656562415324198,0.1539097789427597,0.14926043067490924,2019/20
nadult,0.07127219637228939,7.387349055828651,0.09089239823714877,-0.011352689832523341,0.1538970825771021,0.0421508310899597,0.1539097789427597,0.14926043067490924,2019/20
VolAny,0.35341051176968996,42.39155575663804,1.533604934640587e-07,0.22151903730272077,0.48530198623665916,0.06728402927759955,0.1539097789427597,0.14926043067490924,2019/20
Motiva_POP,-0.6019867089265465,-45.22776105161399,9.868968925734837e-107,-0.6550635493904051,-0.5489098684626879,0.027076986607099587,0.1539097789427597,0.14926043067490924,2019/20
motivd_POP,-0.0016095554038745151,-0.1608260764266678,0.9533498262325287,-0.05554050410914061,0.05232139330139158,0.02751270729453108,0.1539097789427597,0.14926043067490924,2019/20
Gend3_2.0,0.08364099301571352,8.723849752132695,0.11520331393396677,-0.020432264668107325,0.18771425069953437,0.05309265170712044,0.1539097789427597,0.14926043067490924,2019/20
Gend3_3.0,0.32552833890028593,38.47620764147721,0.49643160695391014,-0.6126686403869748,1.2637253181875467,0.4786182979425911,0.1539097789427597,0.14926043067490924,2019/20
Disab3_2.0,0.4455362764099669,56.13272743453448,1.8352159268980464e-05,0.24178195918344816,0.6492905936364857,0.10394463706704384,0.1539097789427597,0.14926043067490924,2019/20
Disab3_3.0,0.21715451929032642,24.25360830987664,0.012836519975978657,0.04611697113532648,0.38819206744532636,0.08725427814147257,0.1539097789427597,0.14926043067490924,2019/20
Age9_3.0,0.12646532953850653,13.48101061039333,0.34173206974495446,-0.13426304513618242,0.3871937042131955,0.13300977690947063,0.1539097789427597,0.14926043067490924,2019/20
Age9_4.0,0.1235868035194334,13.15482226473128,0.3846585061034418,-0.1550664874616673,0.4022400945005341,0.14215411772780892,0.1539097789427597,0.14926043067490924,2019/20
Age9_5.0,0.1968031567812773,21.750435963992555,0.1753066697682111,-0.08780854015893763,0.48141485372149223,0.14519378016710685,0.1539097789427597,0.14926043067490924,2019/20
Age9_6.0,0.09944824886054492,10.456130695458743,0.509358680921289,-0.19597771854435375,0.3948742162654436,0.15071064692064282,0.1539097789427597,0.14926043067490924,2019/20
Age9_7.0,-0.17350074173289204,-15.928347242545138,0.3270333807046504,-0.5204849493281353,0.1734834658623512,0.1770129242777546,0.1539097789427597,0.14926043067490924,2019/20
Eth7_2.0,-0.34202232736791716,-28.96676553194816,9.322730154116658e-07,-0.47860312876880956,-0.20544152596702475,0.06967627496284544,0.1539097789427597,0.14926043067490924,2019/20
Eth7_3.0,-1.1278847331084172,-67.62827188331566,1.3048860178979885e-45,-1.2830068972501956,-0.9727625689666388,0.07913509403015974,0.1539097789427597,0.14926043067490924,2019/20
Eth7_4.0,-0.8884624282466366,-58.87123488918255,8.373737466281757e-15,-1.112471126935214,-0.664453729558059,0.11427734735632131,0.1539097789427597,0.14926043067490924,2019/20
Eth7_5.0,-0.7911436091819334,-54.667392912716885,4.071691818993431e-06,-1.1275132406755097,-0.454773977688357,0.17159793098815634,0.1539097789427597,0.14926043067490924,2019/20
Eth7_6.0,-0.19025771982728548,-17.325396236105885,0.1791220291649008,-0.46783788231858325,0.08732244266401226,0.1416066645355663,0.1539097789427597,0.14926043067490924,2019/20
Eth7_7.0,-1.1224378049163914,-67.4514643128845,5.992620866933321e-14,-1.41502623686047,-0.8298493729723129,0.1492630869491311,0.1539097789427597,0.14926043067490924,2019/20
IMD10_2.0,0.044724557138362125,4.573977867841128,0.7048493318097122,-0.18672023766330595,0.2761693519400302,0.11807084887418882,0.1539097789427597,0.14926043067490924,2019/20
IMD10_3.0,0.14116027135321743,15.160920316026338,0.24979530555798785,-0.09926080877768867,0.38158135148412353,0.12265007317460253,0.1539097789427597,0.14926043067490924,2019/20
IMD10_4.0,0.2852457404315666,33.00888445705081,0.022664781494336466,0.039944475757148906,0.5305470051059843,0.12513968428125488,0.1539097789427597,0.14926043067490924,2019/20
IMD10_5.0,0.08783091730184243,9.180350133869087,0.49250190847123126,-0.1630102543099176,0.3386720889136025,0.12796585073419472,0.1539097789427597,0.14926043067490924,2019/20
IMD10_6.0,0.2378234023538183,26.848516155004898,0.0809177744113746,-0.02924382532846917,0.5048906300361058,0.13624352323821057,0.1539097789427597,0.14926043067490924,2019/20
IMD10_7.0,0.3604041801872576,43.390885500280405,0.008272357268512746,0.0929345113652929,0.6278738490092224,0.1364488273455002,0.1539097789427597,0.14926043067490924,2019/20
IMD10_8.0,0.2345942925443143,26.439568990164595,0.08940811106713197,-0.036115493974775814,0.5053040790634045,0.13810176340431157,0.1539097789427597,0.14926043067490924,2019/20
IMD10_9.0,0.30012852660185946,35.00323114912263,0.033822593180338395,0.022946335296016696,0.5773107179077022,0.14140364076164907,0.1539097789427597,0.14926043067490924,2019/20
IMD10_10.0,0.6378315881258219,89.2372983062224,0.0001216487133424351,0.31260892537136736,0.9630542508802764,0.1659113392351208,0.1539097789427597,0.14926043067490924,2019/20
WorkStat10_2.0,0.05282639984603642,5.42466118583802,0.5184079952890318,-0.10751298065826125,0.21316578035033407,0.08179664088072006,0.1539097789427597,0.14926043067490924,2019/20
WorkStat10_3.0,-0.003153478460773975,-0.3148511470043913,0.9830453707234844,-0.2940255161751864,0.2877185592536385,0.1483874737219116,0.1539097789427597,0.14926043067490924,2019/20
WorkStat10_4.0,-0.22692472236598502,-20.301922514085113,0.27331877635725843,-0.6329635424647047,0.1791140977327346,0.2071394528704447,0.1539097789427597,0.14926043067490924,2019/20
WorkStat10_5.0,-0.1588097522794691,-14.684134498021617,0.19421779366704212,-0.3985870588849836,0.08096755432604538,0.12232165409440307,0.1539097789427597,0.14926043067490924,2019/20
WorkStat10_6.0,-0.1996723426459492,-18.10009398157868,0.15284123802070448,-0.47344017892113943,0.07409549362924098,0.1396618180640487,0.1539097789427597,0.14926043067490924,2019/20
WorkStat10_7.0,-1.094598863998981,-66.53261702522799,4.1768190184854483e-07,-1.5182771924398106,-0.6709205355581512,0.21613819369527515,0.1539097789427597,0.14926043067490924,2019/20
WorkStat10_8.0,1.0824297981730147,195.18432276785092,1.4964530021390744e-09,0.7317691054625797,1.4330904908834496,0.1788884718302325,0.1539097789427597,0.14926043067490924,2019/20
WorkStat10_9.0,0.06239136912416528,6.437882823311103,0.8612104904206884,-0.6371165285690297,0.7618992668173603,0.3568517984844285,0.1539097789427597,0.14926043067490924,2019/20
WorkStat10_10.0,0.06765893233946974,7.000030373629396,0.6267933039806289,-0.20508811076714273,0.3404059754460822,0.13914106357465858,0.1539097789427597,0.14926043067490924,2019/20
HHLiv12_2.0,0.22194779762679923,24.850620117645207,0.11323334111463255,-0.05271958081381273,0.4966151760674112,0.14012071672781207,0.1539097789427597,0.14926043067490924,2019/20
HHLiv12_3.0,-0.41683032329190056,-34.08672500684108,0.015786590978382652,-0.7552695303619265,-0.07839111622187467,0.172653718591114,0.1539097789427597,0.14926043067490924,2019/20
HHLiv12_4.0,-0.48627849788245725,-38.50894678163586,0.006807493367717602,-0.8384431447657945,-0.13411385099911993,0.17965570941712497,0.1539097789427597,0.14926043067490924,2019/20
HHLiv12_5.0,0.09596174931365346,10.071696000953722,0.2599260020666861,-0.07100103739681264,0.2629245360241196,0.08517555114686376,0.1539097789427597,0.14926043067490924,2019/20
HHLiv12_6.0,-0.30563489705827185,-26.33444745366872,0.024678725127189917,-0.5722905723732441,-0.03897922174329965,0.13603357106621752,0.1539097789427597,0.14926043067490924,2019/20
HHLiv12_7.0,-0.0671539015817822,-6.494871560917737,0.6628964107602305,-0.3691195312111233,0.2348117280475589,0.1540468354525649,0.1539097789427597,0.14926043067490924,2019/20
HHLiv12_8.0,-0.7309225492555947,-51.853538967724035,0.12209530726883709,-1.657573485300405,0.19572838678921556,0.47272811956142496,0.1539097789427597,0.14926043067490924,2019/20
HHLiv12_9.0,-0.6304247036968775,-46.76343446740645,0.04085258488094249,-1.2346224752578239,-0.02622693213593119,0.3082296313348759,0.1539097789427597,0.14926043067490924,2019/20
HHLiv12_10.0,-0.11409696825142919,-10.78285606166528,0.45759401567974567,-0.4151758747246024,0.18698193822174403,0.1535944763668708,0.1539097789427597,0.14926043067490924,2019/20
HHLiv12_11.0,-0.2243019701357995,-20.092619849081483,0.2416666492144897,-0.5998070455120812,0.15120310524048214,0.19156275708959816,0.1539097789427597,0.14926043067490924,2019/20
HHLiv12_12.0,-0.6944463198624665,-50.064914789318934,0.017490115964523285,-1.2672100107040654,-0.12168262902086768,0.2921936319195787,0.1539097789427597,0.14926043067490924,2019/20
const,7.173365075307663,130322.6045588662,1.0275626922458626e-154,6.650645146685935,7.69608500392939,0.26667123883097643,0.1443413833134095,0.14062334723510872,2020/21
NSSEC5,-0.24459817542812462,-21.698088864477725,3.391796652188653e-11,-0.31686131783916893,-0.17233503301708028,0.0368658255662523,0.1443413833134095,0.14062334723510872,2020/21
Educ6,-0.20944638134936724,-18.89668752309621,5.549241349293683e-25,-0.249125880788038,-0.1697668819106965,0.020242926837328784,0.1443413833134095,0.14062334723510872,2020/21
nchild,0.029773083163996336,3.022073299871608,0.48899067899182047,-0.05457014779695801,0.11411631412495069,0.04302861371034774,0.1443413833134095,0.14062334723510872,2020/21
nadult,0.05849140914840062,6.0235877326390685,0.11567339544099643,-0.014382141307291749,0.131364959604093,0.03717723184817441,0.1443413833134095,0.14062334723510872,2020/21
VolAny,0.4714227890507173,60.227226766207174,1.0984501193540499e-09,0.319920504438334,0.6229250736631006,0.07729053305818057,0.1443413833134095,0.14062334723510872,2020/21
Motiva_POP,-0.670814796288451,-48.870819064966156,2.5710140233270803e-165,-0.7180336006109111,-0.6235959919659908,0.02408918496371351,0.1443413833134095,0.14062334723510872,2020/21
motivd_POP,0.03474110992045876,3.5351631833568486,0.14553772494305453,-0.012043485988085342,0.08152570582900286,0.02386766883373709,0.1443413833134095,0.14062334723510872,2020/21
Gend3_2.0,0.03775457077678844,3.847632916057697,0.4297669050264431,-0.05596826792010237,0.13147740947367925,0.04781372228902001,0.1443413833134095,0.14062334723510872,2020/21
Gend3_3.0,-0.258719590567464,-22.79605201535403,0.5842192372973707,-1.1854182897647112,0.6679791086297833,0.47276538851232197,0.1443413833134095,0.14062334723510872,2020/21
Disab3_2.0,0.41116085473203595,50.85679973435464,4.018934557142671e-06,0.23643384422486213,0.5858878652392098,0.08913887877211556,0.1443413833134095,0.14062334723510872,2020/21
Disab3_3.0,0.18944417347122572,20.857765141103823,0.012167816618297335,0.041359241534786456,0.337529105407665,0.07554713354016482,0.1443413833134095,0.14062334723510872,2020/21
Age9_3.0,-0.03616305417188586,-3.5516982318512302,0.752927862750148,-0.26134790245938605,0.18902179411561434,0.1148804917714344,0.1443413833134095,0.14062334723510872,2020/21
Age9_4.0,-0.018635919711261772,-1.846334465394328,0.8788875544191153,-0.25835767327283454,0.22108583385031103,0.12229665160376943,0.1443413833134095,0.14062334723510872,2020/21
Age9_5.0,0.12420362337047758,13.224639935594617,0.31727143012105746,-0.11922608187096634,0.3676333286119215,0.12418830335426581,0.1443413833134095,0.14062334723510872,2020/21
Age9_6.0,0.16747870502553602,18.23201124402405,0.19255266142641325,-0.08444064264423545,0.4193980526953075,0.12851938648240202,0.1443413833134095,0.14062334723510872,2020/21
Age9_7.0,-0.15712753910041824,-14.540494241799284,0.29306851258625854,-0.45004952978540136,0.1357944515845649,0.149437329360611,0.1443413833134095,0.14062334723510872,2020/21
Eth7_2.0,-0.2650838333447993,-23.2858364769183,3.159781201762791e-05,-0.3898919191409249,-0.1402757475486737,0.06367219811789697,0.1443413833134095,0.14062334723510872,2020/21
Eth7_3.0,-0.9342901130762133,-60.71353439529143,2.923649372519473e-39,-1.0734786924076671,-0.7951015337447596,0.07100856280592087,0.1443413833134095,0.14062334723510872,2020/21
Eth7_4.0,-0.8820136980528314,-58.605149545604675,1.4995808337122047e-18,-1.078381254855754,-0.6856461412499086,0.10017903808818143,0.1443413833134095,0.14062334723510872,2020/21
Eth7_5.0,-0.9694515943258994,-62.070901359274686,1.6645231108074772e-10,-1.2665953147294258,-0.6723078739223732,0.15159109054783396,0.1443413833134095,0.14062334723510872,2020/21
Eth7_6.0,-0.013562360127712898,-1.3470805687057275,0.9111588465108826,-0.2518186021674594,0.22469388191203357,0.12154900501207173,0.1443413833134095,0.14062334723510872,2020/21
Eth7_7.0,-0.6608040712222675,-48.35640837572448,1.1211340042894744e-06,-0.9266862257011836,-0.3949219167433513,0.13564266375857173,0.1443413833134095,0.14062334723510872,2020/21
IMD10_2.0,-0.3013807024958951,-26.02039230839783,0.12727910397987754,-0.6887547805301686,0.08599337553837838,0.19762308575604812,0.1443413833134095,0.14062334723510872,2020/21
IMD10_3.0,-0.11527663044880332,-10.888040100711837,0.554571470516038,-0.4976522391769606,0.26709897827935397,0.19507306244694025,0.1443413833134095,0.14062334723510872,2020/21
IMD10_4.0,-0.08981526635685089,-8.589996529572385,0.6473551912782066,-0.4746712195528159,0.2950406868391141,0.19633843706868437,0.1443413833134095,0.14062334723510872,2020/21
IMD10_5.0,-0.1179413977262807,-11.125186625003247,0.5496050745758031,-0.5042993246674241,0.26841652921486275,0.19710468525894267,0.1443413833134095,0.14062334723510872,2020/21
IMD10_6.0,-0.08843232466760131,-8.463494372566904,0.6545388438339459,-0.4758086384404523,0.29894398910524966,0.19762422634232296,0.1443413833134095,0.14062334723510872,2020/21
IMD10_7.0,0.016974348651185772,1.7119231510416721,0.9324753698604749,-0.3757023404348139,0.4096510377371855,0.20032827027413438,0.1443413833134095,0.14062334723510872,2020/21
IMD10_8.0,-0.05049591837852879,-4.924219070210434,0.8023841061770332,-0.44599273177631876,0.3450008950192612,0.20176698726712414,0.1443413833134095,0.14062334723510872,2020/21
IMD10_9.0,-0.15234696621373883,-14.130970747138093,0.44828435206887557,-0.5461539837603304,0.2414600513328527,0.20090491959314297,0.1443413833134095,0.14062334723510872,2020/21
IMD10_10.0,-0.18128316861142227,-16.58008937548361,0.38513057486991,-0.5904245068006466,0.2278581695778021,0.208727889521197,0.1443413833134095,0.14062334723510872,2020/21
WorkStat10_2.0,0.11539376425125394,12.231527821090072,0.11103451021916183,-0.02653614468233051,0.2573236731848384,0.07240708182349831,0.1443413833134095,0.14062334723510872,2020/21
WorkStat10_3.0,-0.20378562385569193,-18.43627943942492,0.11007831234493132,-0.4537625510641585,0.04619130335277466,0.12752843962466004,0.1443413833134095,0.14062334723510872,2020/21
WorkStat10_4.0,-0.23195898432368522,-20.702135280479762,0.16051131517624578,-0.5559324071028662,0.09201443845549573,0.16527855409805156,0.1443413833134095,0.14062334723510872,2020/21
WorkStat10_5.0,0.04330357832780091,4.4254859880481945,0.6810430810511096,-0.16319714928328227,0.24980430593888409,0.10534858503815726,0.1443413833134095,0.14062334723510872,2020/21
WorkStat10_6.0,-0.18635810318004112,-17.002367540282272,0.1524016062225007,-0.4415947519921257,0.06887854563204346,0.13021174362579346,0.1443413833134095,0.14062334723510872,2020/21
WorkStat10_7.0,-0.9606363539229367,-61.735069190585314,2.7392411255367367e-07,-1.326726383413215,-0.5945463244326583,0.18676479763313023,0.1443413833134095,0.14062334723510872,2020/21
WorkStat10_8.0,0.6188300999261453,85.67545534229275,7.934403882016181e-05,0.31156526478366414,0.9260949350686265,0.15675448696339467,0.1443413833134095,0.14062334723510872,2020/21
WorkStat10_9.0,0.34533937030502626,41.24691884375851,0.33011572451858845,-0.3497091781419518,1.0403879187520042,0.35458655259374633,0.1443413833134095,0.14062334723510872,2020/21
WorkStat10_10.0,-0.11368102669511966,-10.745739225283856,0.4252779718218371,-0.3931573695152034,0.16579531612496412,0.14257788632680135,0.1443413833134095,0.14062334723510872,2020/21
HHLiv12_2.0,0.057627884633775744,5.932073283675177,0.6618106615681911,-0.2006107474631438,0.3158665167306953,0.13174323794556742,0.1443413833134095,0.14062334723510872,2020/21
HHLiv12_3.0,-0.07190386892837394,-6.937964695685784,0.6318359922994161,-0.36605292456057303,0.22224518670382512,0.15006332984707216,0.1443413833134095,0.14062334723510872,2020/21
HHLiv12_4.0,-0.4009598178273385,-33.03230304270719,0.007950236038261246,-0.6970265425355251,-0.10489309311915201,0.15104164951724394,0.1443413833134095,0.14062334723510872,2020/21
HHLiv12_5.0,0.08739360948279534,9.132615151270551,0.24883701466316624,-0.06115013390490706,0.23593735287049775,0.07578120117638598,0.1443413833134095,0.14062334723510872,2020/21
HHLiv12_6.0,-0.4466573290365194,-36.02369010449665,0.0002779608538267915,-0.6874422243388381,-0.20587243373420067,0.12283902488922112,0.1443413833134095,0.14062334723510872,2020/21
HHLiv12_7.0,-0.21663952406780473,-19.477982051021048,0.11556497222875095,-0.4864670131036274,0.05318796496801792,0.1376554189574543,0.1443413833134095,0.14062334723510872,2020/21
HHLiv12_8.0,0.3067261154095707,35.8968716506997,0.4938869659575899,-0.5720642191188454,1.1855164499379869,0.448324416861806,0.1443413833134095,0.14062334723510872,2020/21
HHLiv12_9.0,-0.4860850929545769,-38.49705295879799,0.11215319175459963,-1.0858223213474498,0.113652135438296,0.3059624493182865,0.1443413833134095,0.14062334723510872,2020/21
HHLiv12_10.0,-0.021710659822751263,-2.147667979380885,0.8707576933536638,-0.28327538904091726,0.2398540693954147,0.13344008245297628,0.1443413833134095,0.14062334723510872,2020/21
HHLiv12_11.0,-0.2153066926273983,-19.3705882208152,0.17964553376862794,-0.5298072551941231,0.09919386993932652,0.16044587175745456,0.1443413833134095,0.14062334723510872,2020/21
HHLiv12_12.0,-0.5209802759657944,-40.606196067789156,0.055254774252750445,-1.0536755418989268,0.011714989967337774,0.2717602653113771,0.1443413833134095,0.14062334723510872,2020/21
const,7.571526699583558,194110.30272549138,3.0704613256998026e-193,7.080534562490734,8.062518836676382,0.25048454146441945,0.16014300728551356,0.15643422673062235,2021/22
NSSEC5,-0.18389244211530886,-16.79747101056901,6.766649879658128e-07,-0.2564093575564325,-0.11137552667418522,0.036995228518801916,0.16014300728551356,0.15643422673062235,2021/22
Educ6,-0.19766905702246768,-17.935860629054943,7.711697293174031e-22,-0.2379329851125041,-0.15740512893243125,0.020541044964397136,0.16014300728551356,0.15643422673062235,2021/22
nchild,-0.012892813047892455,-1.2810056769277378,0.759978737036497,-0.09561222117070675,0.06982659507492184,0.04220013203578887,0.16014300728551356,0.15643422673062235,2021/22
nadult,0.05392464102336224,5.540506491256503,0.1434855877630378,-0.018323516539752685,0.12617279858647718,0.03685811900369529,0.16014300728551356,0.15643422673062235,2021/22
VolAny,0.416854049841371,51.718106395826744,1.3709634716782057e-09,0.28210284325577806,0.5516052564269639,0.0687446735771012,0.16014300728551356,0.15643422673062235,2021/22
Motiva_POP,-0.6997230311977114,-50.32771385230509,1.3891907728476549e-189,-0.7455551603183932,-0.6538909020770296,0.02338171832059639,0.16014300728551356,0.15643422673062235,2021/22
motivd_POP,0.06534977965325106,6.753236018653297,0.004701721304913589,0.020043361854483834,0.1106561974520183,0.023113521440312063,0.16014300728551356,0.15643422673062235,2021/22
Gend3_2.0,-0.048426589957687775,-4.727272351156319,0.3035172060490025,-0.14067873578520684,0.043825555869831286,0.0470633533635311,0.16014300728551356,0.15643422673062235,2021/22
Gend3_3.0,0.32861041257384965,38.90365989676494,0.3190187841046113,-0.3177715446328739,0.9749923697805731,0.3297582098166895,0.16014300728551356,0.15643422673062235,2021/22
Disab3_2.0,0.3289224955498942,38.947016129348164,0.00013857682181102964,0.15978609210875744,0.498058898991031,0.08628662510105485,0.16014300728551356,0.15643422673062235,2021/22
Disab3_3.0,0.057198209659173736,5.886566699997675,0.42243785080295493,-0.0825603681596066,0.1969567874779541,0.07129923401204756,0.16014300728551356,0.15643422673062235,2021/22
Age9_3.0,-0.10844799573322746,-10.27744468392343,0.35618486688039575,-0.33883418794375636,0.12193819647730143,0.11753381644211139,0.16014300728551356,0.15643422673062235,2021/22
Age9_4.0,-0.1779395790498508,-16.300700612704468,0.1524278239138173,-0.4216619238966644,0.0657827657969628,0.12433738787561431,0.16014300728551356,0.15643422673062235,2021/22
Age9_5.0,-0.03587451910872743,-3.5238654998425933,0.7760921176266077,-0.2831132721473182,0.2113642339298633,0.12613131862720292,0.16014300728551356,0.15643422673062235,2021/22
Age9_6.0,-0.21134068381199572,-19.05017630466206,0.10450888580672177,-0.4665069213112102,0.04382555368721874,0.13017560398346767,0.16014300728551356,0.15643422673062235,2021/22
Age9_7.0,-0.5434316590252123,-41.92481135429907,0.00030280758427093636,-0.8381805154212911,-0.2486828026291335,0.15036907225985982,0.16014300728551356,0.15643422673062235,2021/22
Eth7_2.0,-0.28661247511635396,-24.919737283100886,5.043902786750302e-06,-0.40967830829324203,-0.16354664193946591,0.0627832636501504,0.16014300728551356,0.15643422673062235,2021/22
Eth7_3.0,-0.845058883049945,-57.04679346919696,2.4269749471935368e-34,-0.9801696372830724,-0.7099481288168177,0.06892810039969871,0.16014300728551356,0.15643422673062235,2021/22
Eth7_4.0,-0.9736520792532702,-62.22988782253851,1.7150941742696326e-23,-1.1643114258097538,-0.7829927326967866,0.09726676944538927,0.16014300728551356,0.15643422673062235,2021/22
Eth7_5.0,-0.7821548761660825,-54.25807333448345,4.2169822346353614e-08,-1.0616625822004266,-0.5026471701317383,0.14259364721465664,0.16014300728551356,0.15643422673062235,2021/22
Eth7_6.0,-0.12298233127848124,-11.572071349274903,0.3093576580443432,-0.36010855685522825,0.1141438942982658,0.12097231176545475,0.16014300728551356,0.15643422673062235,2021/22
Eth7_7.0,-0.765922863149187,-53.509531046663064,3.143068620789959e-08,-1.037066308447669,-0.4947794178507049,0.13832653608021672,0.16014300728551356,0.15643422673062235,2021/22
IMD10_2.0,-0.17765341820086067,-16.276745722819562,0.3079267344255995,-0.5191810389588822,0.16387420255716084,0.17423372600126616,0.16014300728551356,0.15643422673062235,2021/22
IMD10_3.0,-0.15581184975669968,-14.4279820814588,0.36182831243146835,-0.49072788803478273,0.1791041885213834,0.17086076118018498,0.16014300728551356,0.15643422673062235,2021/22
IMD10_4.0,-0.0609751967284849,-5.915342444032568,0.7239460685340743,-0.39937332440464196,0.2774229309476722,0.17263718385648089,0.16014300728551356,0.15643422673062235,2021/22
IMD10_5.0,-0.16315271075850546,-15.053854339423856,0.3474654196603788,-0.5035339430159483,0.17722852149893742,0.1736488844606098,0.16014300728551356,0.15643422673062235,2021/22
IMD10_6.0,0.04768501109716287,4.884023025370832,0.7847578782816099,-0.294535068532728,0.38990509072705376,0.17458699080919196,0.16014300728551356,0.15643422673062235,2021/22
IMD10_7.0,0.07632412583740039,7.9312350487867,0.6684947515130629,-0.2730435028269523,0.42569175450175306,0.17823338431987487,0.16014300728551356,0.15643422673062235,2021/22
IMD10_8.0,0.024311601747472173,2.4609538275827125,0.8914220966872802,-0.3247878322008659,0.3734110356958102,0.1780965621074829,0.16014300728551356,0.15643422673062235,2021/22
IMD10_9.0,-0.0330157973522122,-3.247672483764563,0.8532154996171659,-0.3827945593519052,0.31676296464748077,0.17844312809620747,0.16014300728551356,0.15643422673062235,2021/22
IMD10_10.0,-0.1376936351277993,-12.863439333024019,0.4641568241178423,-0.5063914287791956,0.23100415852359701,0.18809486100640646,0.16014300728551356,0.15643422673062235,2021/22
WorkStat10_2.0,0.09017982327480463,9.437105940000801,0.20337735617003694,-0.04878194634653375,0.229141592896143,0.07089273435371676,0.16014300728551356,0.15643422673062235,2021/22
WorkStat10_3.0,-0.16997105289361514,-15.63107613949456,0.3012758287334341,-0.4922664231001608,0.1523243173129305,0.164422201341749,0.16014300728551356,0.15643422673062235,2021/22
WorkStat10_4.0,-0.41016862049418373,-33.6461645462613,0.018593368730761863,-0.7517268214798482,-0.06861041950851932,0.17424932680975236,0.16014300728551356,0.15643422673062235,2021/22
WorkStat10_5.0,0.02681796847366256,2.71808064543706,0.7960280307756171,-0.176541364465258,0.2301773014125831,0.10374579431215139,0.16014300728551356,0.15643422673062235,2021/22
WorkStat10_6.0,-0.3764552602651739,-31.371017857545013,0.0021948671456503677,-0.6173522706790101,-0.13555824985133766,0.1228960153026882,0.16014300728551356,0.15643422673062235,2021/22
WorkStat10_7.0,-1.037369156260286,-64.56142097407374,1.095685941485643e-09,-1.3707250615657958,-0.7040132509547763,0.1700648437657587,0.16014300728551356,0.15643422673062235,2021/22
WorkStat10_8.0,0.6444044098566949,90.48521801700373,7.165071086230361e-05,0.3264071581258114,0.9624016615875783,0.1622294732831886,0.16014300728551356,0.15643422673062235,2021/22
WorkStat10_9.0,0.026385187854813346,2.6736358690409467,0.932010257975385,-0.5798126682034485,0.6325830439130752,0.30925788936363635,0.16014300728551356,0.15643422673062235,2021/22
WorkStat10_10.0,0.03358613739731428,3.415651944084863,0.8234006711965957,-0.26140003832012304,0.32857231311475166,0.1504901430813665,0.16014300728551356,0.15643422673062235,2021/22
HHLiv12_2.0,-0.027343798951912614,-2.6973341532383954,0.8360831571129984,-0.28638525186341984,0.2316976539595946,0.13215258382141667,0.16014300728551356,0.15643422673062235,2021/22
HHLiv12_3.0,-0.6621229670696626,-48.42447599734366,6.40228731671038e-06,-0.9495977854352174,-0.3746481487041077,0.14665814912479938,0.16014300728551356,0.15643422673062235,2021/22
HHLiv12_4.0,-0.6118186431891581,-45.763639427087476,7.045134798987075e-05,-0.9134301152307451,-0.3102071711475712,0.1538701041570095,0.16014300728551356,0.15643422673062235,2021/22
HHLiv12_5.0,-0.0077195250476804365,-0.7689806035587776,0.9183152346694224,-0.15526059114381888,0.13982154104845798,0.07526954811758226,0.16014300728551356,0.15643422673062235,2021/22
HHLiv12_6.0,-0.39774583019310905,-32.81672344328324,0.0009445310543812057,-0.6334743833494179,-0.1620172770368003,0.12025927522392504,0.16014300728551356,0.15643422673062235,2021/22
HHLiv12_7.0,-0.08367783006602349,-8.027248307720003,0.5357170836237956,-0.3485206252314107,0.18116496509936375,0.1351121965006449,0.16014300728551356,0.15643422673062235,2021/22
HHLiv12_8.0,-0.14011147194266688,-13.073866825144808,0.7118881310252858,-0.883733208137927,0.6035102642525931,0.37936605404055795,0.16014300728551356,0.15643422673062235,2021/22
HHLiv12_9.0,-0.39801618268246464,-32.83488415433607,0.13858158164375978,-0.9247385387589705,0.12870617339404122,0.2687126694575545,0.16014300728551356,0.15643422673062235,2021/22
HHLiv12_10.0,-0.417748181564576,-34.147196295291096,0.0015963606894905309,-0.6771001470265634,-0.15839621610258864,0.13231099489961945,0.16014300728551356,0.15643422673062235,2021/22
HHLiv12_11.0,-0.32630135407287064,-27.841229872951978,0.029454454664715517,-0.6200191376022941,-0.03258357054344713,0.14984306014131601,0.16014300728551356,0.15643422673062235,2021/22
HHLiv12_12.0,-0.5352365186727205,-41.44692151981688,0.038263794526049506,-1.0415227636001263,-0.02895027374531467,0.25828698329319444,0.16014300728551356,0.15643422673062235,2021/22
const,6.609238994407563,74091.81999294764,7.968335998800786e-144,6.108929931930122,7.109548056885004,0.2552381216166544,0.1686212480617002,0.1650127105000957,2022/23
NSSEC5,-0.19544845890695117,-17.753426674534534,9.575551773838948e-08,-0.2672197855477442,-0.12367713226615812,0.03661492459684834,0.1686212480617002,0.1650127105000957,2022/23
Educ6,-0.1890441607386599,-17.225004816170408,1.1993127930998002e-19,-0.22983090261722622,-0.14825741886009358,0.020807800946875756,0.1686212480617002,0.1650127105000957,2022/23
nchild,-0.037890226779003264,-3.7181373207748836,0.361762986513074,-0.11932372382771461,0.043543270269708084,0.04154418614858826,0.1686212480617002,0.1650127105000957,2022/23
nadult,0.024615588632085246,2.49210534831823,0.509351038456422,-0.04850598681112469,0.09773716407529517,0.03730376874118075,0.1686212480617002,0.1650127105000957,2022/23
VolAny,0.3531002627089849,42.347385762416124,3.648695441462437e-08,0.22750268284160208,0.47869784257636777,0.06407497438924373,0.1686212480617002,0.1650127105000957,2022/23
Motiva_POP,-0.7025760902500484,-50.46922984521238,1.202133424217744e-193,-0.748100819889067,-0.6570513606110299,0.023224937047173874,0.1686212480617002,0.1650127105000957,2022/23
motivd_POP,0.10588941142354365,11.169892850638231,2.4736212360572546e-06,0.061845767850809516,0.1499330549962778,0.022469344846546717,0.1686212480617002,0.1650127105000957,2022/23
Gend3_2.0,0.01343172760581381,1.3522338491467778,0.7756703695040305,-0.07895764644004606,0.10582110165167367,0.04713344621829046,0.1686212480617002,0.1650127105000957,2022/23
Gend3_3.0,0.038090822883153116,3.8825577728159644,0.9131694753464735,-0.6466268232997199,0.7228084690660261,0.3493161706567606,0.1686212480617002,0.1650127105000957,2022/23
Disab3_2.0,0.43245333893419796,54.10335673463644,5.801560458694935e-07,0.26293328570469854,0.6019733921636974,0.08648250293208255,0.1686212480617002,0.1650127105000957,2022/23
Disab3_3.0,0.21662200458355932,24.187459050372695,0.002293918846690043,0.07740150977654903,0.3558424993905696,0.07102485293614842,0.1686212480617002,0.1650127105000957,2022/23
Age9_3.0,-0.1467777664596841,-13.651414838709464,0.21105114846958206,-0.3768070401319399,0.08325150721257168,0.117351941294482,0.1686212480617002,0.1650127105000957,2022/23
Age9_4.0,-0.17754937519831654,-16.268034450896216,0.14916654564813878,-0.4188026482628276,0.06370389786619451,0.1230779869265954,0.1686212480617002,0.1650127105000957,2022/23
Age9_5.0,-0.18187636494712422,-16.62955908671432,0.14535453325974,-0.4266912327308237,0.06293850283657526,0.12489497329414985,0.1686212480617002,0.1650127105000957,2022/23
Age9_6.0,-0.3309518961374729,-28.176028168574184,0.009573179485403645,-0.5812973401406889,-0.08060645213425693,0.1277164570360934,0.1686212480617002,0.1650127105000957,2022/23
Age9_7.0,-0.6051949486928729,-45.40320194798723,2.958559785630042e-05,-0.8891119293861351,-0.32127796799961067,0.14484334240994848,0.1686212480617002,0.1650127105000957,2022/23
Eth7_2.0,-0.1910451139116594,-17.39046810807202,0.00212012516142412,-0.3128846993332875,-0.06920552849003132,0.062157792560414635,0.1686212480617002,0.1650127105000957,2022/23
Eth7_3.0,-0.8894500404418163,-58.911834107737036,8.635521558983573e-38,-1.0246526071683593,-0.7542474737152735,0.06897506313028107,0.1686212480617002,0.1650127105000957,2022/23
Eth7_4.0,-0.8035995995863934,-55.22855327218239,4.183237944086168e-17,-0.9906658249017338,-0.6165333742710529,0.09543387387582708,0.1686212480617002,0.1650127105000957,2022/23
Eth7_5.0,-0.9050201859673423,-59.54662808838431,1.4248914889269714e-12,-1.1552541592647532,-0.6547862126699315,0.12765958904049063,0.1686212480617002,0.1650127105000957,2022/23
Eth7_6.0,-0.38015568853786363,-31.62450518829446,0.0009992514517746921,-0.6065428433698686,-0.1537685337058586,0.11549387466885067,0.1686212480617002,0.1650127105000957,2022/23
Eth7_7.0,-0.6674792367857297,-48.69998989258379,2.13316754436509e-06,-0.9433466636017263,-0.3916118099697332,0.14073677475892174,0.1686212480617002,0.1650127105000957,2022/23
IMD10_2.0,0.2792167515852174,32.209387875899886,0.12994183158983225,-0.08217893706581769,0.6406124402362525,0.18436994979639568,0.1686212480617002,0.1650127105000957,2022/23
IMD10_3.0,0.42630317568358583,53.15850440948746,0.01932790821753817,0.06911722296413836,0.7834891284030333,0.1822223071245642,0.1686212480617002,0.1650127105000957,2022/23
IMD10_4.0,0.5048086112753098,65.66684224607187,0.005983327285443939,0.14488181584914767,0.8647354067014721,0.18362057790671718,0.1686212480617002,0.1650127105000957,2022/23
IMD10_5.0,0.45096579981810886,56.982759278590464,0.014499023346633645,0.08942762879946137,0.8125039708367563,0.18444263872929806,0.1686212480617002,0.1650127105000957,2022/23
IMD10_6.0,0.6506380504548765,91.67634307104898,0.0004563763844307978,0.2868865445523972,1.014389556357356,0.18557179564574575,0.1686212480617002,0.1650127105000957,2022/23
IMD10_7.0,0.7925187811390364,120.89532949463843,2.4096369215687725e-05,0.42481605218769336,1.1602215100903794,0.1875875551526523,0.1686212480617002,0.1650127105000957,2022/23
IMD10_8.0,0.6158136210010073,85.11621313954872,0.001083288710390968,0.24653125882184024,0.9850959831801744,0.1883934222619079,0.1686212480617002,0.1650127105000957,2022/23
IMD10_9.0,0.4726530973934186,60.42447697443314,0.012336454866502276,0.10247005474224774,0.8428361400445894,0.18885291422216277,0.1686212480617002,0.1650127105000957,2022/23
IMD10_10.0,0.38153042071088766,46.45242134014236,0.054895679562076964,-0.008003352691095589,0.7710641941128709,0.1987249004386221,0.1686212480617002,0.1650127105000957,2022/23
WorkStat10_2.0,0.05378748111485482,5.5260315577553065,0.44491282660727227,-0.08422219223762367,0.1917971544673333,0.07040713917310465,0.1686212480617002,0.1650127105000957,2022/23
WorkStat10_3.0,-0.0723701025146299,-6.981343229099624,0.6370983961164859,-0.37306079233782996,0.2283205873085702,0.15340063295685416,0.1686212480617002,0.1650127105000957,2022/23
WorkStat10_4.0,-0.6256104214471562,-46.50652068340584,0.0005198245467696221,-0.9788796694425965,-0.27234117345171577,0.18022415751733473,0.1686212480617002,0.1650127105000957,2022/23
WorkStat10_5.0,0.1324549766992293,14.162761508858978,0.18034011112387516,-0.061332161823400844,0.3262421152218594,0.09886262100681582,0.1686212480617002,0.1650127105000957,2022/23
WorkStat10_6.0,-0.4086184085226658,-33.54322226562242,0.002044083425274623,-0.6682958846625167,-0.14894093238281492,0.13247729495021443,0.1686212480617002,0.1650127105000957,2022/23
WorkStat10_7.0,-1.1078474482040128,-66.97308821408426,2.441176327393265e-11,-1.4327695585266549,-0.7829253378813708,0.16576255624833913,0.1686212480617002,0.1650127105000957,2022/23
WorkStat10_8.0,0.5813765106035008,78.84986244411513,0.0002603069917688695,0.26941650838359815,0.8933365128234034,0.1591497955121004,0.1686212480617002,0.1650127105000957,2022/23
WorkStat10_9.0,0.2782854766061136,32.08632189399761,0.4334923174704816,-0.4181476022578159,0.974718555470043,0.3552929263378034,0.1686212480617002,0.1650127105000957,2022/23
WorkStat10_10.0,0.17726844478339515,19.39515601793167,0.2363186644732869,-0.11613343186670771,0.470670321433498,0.14968216546817073,0.1686212480617002,0.1650127105000957,2022/23
HHLiv12_2.0,0.2653934379313449,30.394389585962145,0.03737981187245078,0.01550955055063355,0.5152773253120563,0.12748098889413242,0.1686212480617002,0.1650127105000957,2022/23
HHLiv12_3.0,-0.2753864825890807,-24.07213814549314,0.05886324674525835,-0.5610877855895533,0.010314820411391867,0.14575363388417414,0.1686212480617002,0.1650127105000957,2022/23
HHLiv12_4.0,-0.1740910837078694,-15.977963621317116,0.24804288064548866,-0.4694990116484439,0.12131684423270506,0.15070557440006413,0.1686212480617002,0.1650127105000957,2022/23
HHLiv12_5.0,0.038949237762339044,3.9717703913374036,0.6058855912963175,-0.10901881839585917,0.18691729392053727,0.07548751670831291,0.1686212480617002,0.1650127105000957,2022/23
HHLiv12_6.0,-0.2507430376266503,-22.17776802774506,0.036699375578523236,-0.485984798639046,-0.0155012766142546,0.1200111485274269,0.1686212480617002,0.1650127105000957,2022/23
HHLiv12_7.0,0.10529747279521823,11.1041065693946,0.43434343302818107,-0.15870677489652069,0.36930172048695714,0.1346846446194363,0.1686212480617002,0.1650127105000957,2022/23
HHLiv12_8.0,0.44948946349484903,56.751170922156824,0.1533529182139424,-0.1675608423063098,1.066539769296008,0.31479493938363673,0.1686212480617002,0.1650127105000957,2022/23
HHLiv12_9.0,-0.21015411248822263,-18.954066555941285,0.427448861566611,-0.7292329174496044,0.30892469247315907,0.26481371033596834,0.1686212480617002,0.1650127105000957,2022/23
HHLiv12_10.0,-0.06538534017633352,-6.329355680191384,0.6254651230110426,-0.3279495465886836,0.19717886623601655,0.13394999186423417,0.1686212480617002,0.1650127105000957,2022/23
HHLiv12_11.0,-0.33326223848363523,-28.341774592949285,0.03450571466552554,-0.6422209409094728,-0.02430353605779767,0.1576186497078403,0.1686212480617002,0.1650127105000957,2022/23
HHLiv12_12.0,-0.5962332544820916,-44.91172318707171,0.034362862771642314,-1.1485475915868262,-0.04391891737735709,0.2817691793278614,0.1686212480617002,0.1650127105000957,2022/23
