feature_names,coef,coef_as_percent,pvalues,confidence_lower,confidence_upper,std_error,rsquared,adj_rsquared,year
const,6.418439941435176,61204.598009522386,0.0,6.1006125785761975,6.736267304294155,0.1621455913570338,0.16728456568962602,0.1645120620722058,2016/17
Disab2_POP,0.3302214991003001,39.12762607770364,1.7985996396492701e-06,0.1947192199154088,0.46572377828519135,0.06912902964370861,0.16728456568962602,0.1645120620722058,2016/17
Educ6,-0.14355624303892978,-13.372792295706414,9.689730069530167e-18,-0.17631727421767202,-0.11079521186018754,0.01671365462734044,0.16728456568962602,0.1645120620722058,2016/17
NSSEC5,-0.22780284201325712,-20.37187624340818,1.597710321844557e-12,-0.2909403982337827,-0.16466528579273154,0.032210808717427805,0.16728456568962602,0.1645120620722058,2016/17
Motiva_POP,-0.703234446311894,-50.50182799621907,1.227194466172836e-245,-0.7435832750419357,-0.6628856175818524,0.02058471188932575,0.16728456568962602,0.1645120620722058,2016/17
motivd_POP,-0.017167267335152944,-1.7020749436683857,0.41585680613025183,-0.058524089899745446,0.024189555229439556,0.021098958853203485,0.16728456568962602,0.1645120620722058,2016/17
Gend3_1,-0.05298370453272038,-5.160453309632162,0.20606752673906026,-0.13511437904020243,0.029146969974761662,0.041900504307669034,0.16728456568962602,0.1645120620722058,2016/17
Age9_1,-0.24536615442920373,-21.758200002973695,0.022531468245600702,-0.45616688280278905,-0.03456542605561841,0.10754394603775638,0.16728456568962602,0.1645120620722058,2016/17
Age9_2,-0.20040967838928156,-18.160459452117195,0.07544962059509054,-0.4213670174740433,0.020547660695480197,0.1127255315221931,0.16728456568962602,0.1645120620722058,2016/17
Age9_3,-0.13479297941330695,-12.610319240738278,0.24112480560645136,-0.36018599657719413,0.09060003775058023,0.11498847590413527,0.16728456568962602,0.1645120620722058,2016/17
Age9_4,-0.3025021472012923,-26.103309845344526,0.011941089993683112,-0.5383394250723343,-0.06666486933025031,0.12031681143011091,0.16728456568962602,0.1645120620722058,2016/17
Age9_5,-0.6765375444913094,-49.16258285166491,7.784350251804975e-07,-0.9448186166038249,-0.4082564723787939,0.1368686216827851,0.16728456568962602,0.1645120620722058,2016/17
Age9_6,-0.6223421073607446,-46.33140117452913,0.0016504975370371714,-1.0099173966024115,-0.23476681811907774,0.19772880441809984,0.16728456568962602,0.1645120620722058,2016/17
Age9_7,-1.6188649824391113,-80.18765548964365,1.6248684988928946e-09,-2.1446166283494144,-1.0931133365288082,0.26822206485375805,0.16728456568962602,0.1645120620722058,2016/17
Eth7_1,-0.3951894822931057,-32.64475990968037,4.137780655369497e-12,-0.5068302061829555,-0.28354875840325594,0.05695560958569499,0.16728456568962602,0.1645120620722058,2016/17
Eth7_2,-0.9974560528623974,-63.118350157050216,3.677371274054315e-52,-1.1255663770619404,-0.8693457286628543,0.06535788514059772,0.16728456568962602,0.1645120620722058,2016/17
Eth7_3,-0.8702850484925241,-58.11678552410715,8.385683634934066e-24,-1.0395589093482576,-0.7010111876367906,0.08635823556173639,0.16728456568962602,0.1645120620722058,2016/17
Eth7_4,-1.093017370228439,-66.47964669245184,1.5801627877786762e-14,-1.371649591748272,-0.8143851487086058,0.1421494547324531,0.16728456568962602,0.1645120620722058,2016/17
Eth7_5,-0.01696187081582962,-1.681882818379965,0.88485339064829,-0.24653700253996888,0.21261326090830965,0.1171220601002695,0.16728456568962602,0.1645120620722058,2016/17
Eth7_6,-0.5879312758907145,-44.45247780738503,3.127281303041382e-06,-0.8350102660529559,-0.340852285728473,0.12605198184125943,0.16728456568962602,0.1645120620722058,2016/17
IMD10_1,0.08372570483469263,8.733060337328812,0.2643296487929227,-0.06329517690590217,0.23074658657528743,0.0750054608175402,0.16728456568962602,0.1645120620722058,2016/17
IMD10_2,0.16218641930583721,17.607946480405822,0.041974488690797104,0.0058868489921583,0.31848598961951613,0.07973915785409154,0.16728456568962602,0.1645120620722058,2016/17
IMD10_3,0.015732959117155124,1.5857373732126812,0.8510811616496214,-0.148527729317808,0.17999364755211822,0.08380067160805861,0.16728456568962602,0.1645120620722058,2016/17
IMD10_4,0.229856850482955,25.841985484076837,0.008996129339947059,0.057401973405426215,0.40231172756048383,0.08798109066067941,0.16728456568962602,0.1645120620722058,2016/17
IMD10_5,0.30950577775436355,36.27514455952152,0.0005225996211401949,0.1346576228261501,0.484353932682577,0.08920206625224023,0.16728456568962602,0.1645120620722058,2016/17
IMD10_6,0.10555135033097705,11.132316987027258,0.26521962338899546,-0.0801405669577308,0.2912432676196849,0.09473421504100786,0.16728456568962602,0.1645120620722058,2016/17
IMD10_7,0.1178200669683031,12.504166099728554,0.2370045573645168,-0.07747119271813732,0.3131113266547435,0.09963149964142036,0.16728456568962602,0.1645120620722058,2016/17
IMD10_8,0.15075172705012893,16.270795331110357,0.12296220608096972,-0.04080983984099737,0.3423132939412552,0.09772872689575023,0.16728456568962602,0.1645120620722058,2016/17
IMD10_9,0.29019135971476834,33.668325087896214,0.026133280632571636,0.03448291206710713,0.5458998073624295,0.1304544614593677,0.16728456568962602,0.1645120620722058,2016/17
Child4_1,-0.2586070373804416,-22.787361975921005,0.010315122370673778,-0.45619730185624785,-0.061016772904635364,0.10080438006225995,0.16728456568962602,0.1645120620722058,2016/17
Child4_2,-0.09131462182350901,-8.726949921417937,0.409611385256072,-0.30837556010027634,0.1257463164532583,0.11073770955654123,0.16728456568962602,0.1645120620722058,2016/17
Child4_3,-0.12210252544344834,-11.494237707442645,0.37271339247098506,-0.3905893262098604,0.14638427532296372,0.13697357801488025,0.16728456568962602,0.1645120620722058,2016/17
WorkStat8_1,0.09551179925788734,10.022180375814372,0.12650684715187352,-0.027002587088922447,0.21802618560469714,0.06250301246957715,0.16728456568962602,0.1645120620722058,2016/17
WorkStat8_2,0.10979794445428366,11.605254306947078,0.3234571449104206,-0.10816425648026569,0.327760145388833,0.11119750560839635,0.16728456568962602,0.1645120620722058,2016/17
WorkStat8_3,0.10714367314032211,11.309416472576729,0.23096439401998334,-0.06817203612517178,0.28245938240581603,0.08944059786836014,0.16728456568962602,0.1645120620722058,2016/17
WorkStat8_4,0.190096158953958,20.936588342450555,0.06912717253558721,-0.014892712190455681,0.3950850300983717,0.10457891804636592,0.16728456568962602,0.1645120620722058,2016/17
WorkStat8_5,-0.9851610171968953,-62.66208983601379,4.415068846621405e-09,-1.3140403111028336,-0.6562817232909571,0.16778394130628438,0.16728456568962602,0.1645120620722058,2016/17
WorkStat8_6,0.6656681735961818,94.5790212722593,5.204804623439345e-07,0.4057988022390509,0.9255375449533128,0.1325772347454514,0.16728456568962602,0.1645120620722058,2016/17
WorkStat8_7,0.3148656682452027,37.00752539818535,0.008828493720492724,0.079210815461767,0.5505205210286384,0.12022374384951556,0.16728456568962602,0.1645120620722058,2016/17
HHLiv9_1,0.1916740621533184,21.127565203992084,0.046290653544927354,0.003152412640234581,0.3801957116664022,0.09617785601885241,0.16728456568962602,0.1645120620722058,2016/17
HHLiv9_2,-0.17462603343717298,-16.022899166732895,0.10106708454216148,-0.38336385167681286,0.034111784802466905,0.10649151373433191,0.16728456568962602,0.1645120620722058,2016/17
HHLiv9_3,-0.06199460018017668,-6.0112037996964744,0.29266833125271274,-0.17747004140488645,0.05348084104453308,0.05891196257039326,0.16728456568962602,0.1645120620722058,2016/17
HHLiv9_4,-0.2847892308692738,-24.782722758516705,0.01313011073406032,-0.5098310250352001,-0.05974743670334759,0.11480929290305479,0.16728456568962602,0.1645120620722058,2016/17
HHLiv9_5,-0.12218651014584601,-11.50167052542339,0.18149695610445554,-0.30142406837601043,0.05705104808431839,0.09144140268852796,0.16728456568962602,0.1645120620722058,2016/17
HHLiv9_6,-0.16624636237238158,-15.316242042699358,0.3694178129247207,-0.5292896995159478,0.1967969747711847,0.1852133688548822,0.16728456568962602,0.1645120620722058,2016/17
HHLiv9_7,-0.08935994880553494,-8.54836647389815,0.3845549277805274,-0.2907919682538381,0.1120720706427682,0.1027643234298193,0.16728456568962602,0.1645120620722058,2016/17
HHLiv9_8,-0.30114343108928593,-26.002836980214106,0.009672113011820296,-0.5292544032935811,-0.07303245888499074,0.11637509165472541,0.16728456568962602,0.1645120620722058,2016/17
const,6.322857236516187,55616.26658477995,2.7181489678661494e-273,5.980880230968795,6.664834242063579,0.1744640249158597,0.15198472773243477,0.1487300553662274,2017/18
Disab2_POP,0.3357290820486776,39.89599700978048,5.514193141583585e-06,0.19097537160134082,0.48048279249601433,0.07384799134586105,0.15198472773243477,0.1487300553662274,2017/18
Educ6,-0.17973891009018592,-16.451167949275714,1.9574600613593002e-24,-0.21420148505285863,-0.1452763351275132,0.017581531621777967,0.15198472773243477,0.1487300553662274,2017/18
NSSEC5,-0.16133455440424718,-14.89926847687163,2.797569073443303e-06,-0.22880157410260993,-0.09386753470588442,0.03441917911063396,0.15198472773243477,0.1487300553662274,2017/18
Motiva_POP,-0.661506038123173,-48.392647746781,3.32278268475457e-187,-0.705169005203012,-0.617843071043334,0.022275231530038405,0.15198472773243477,0.1487300553662274,2017/18
motivd_POP,0.007772842463657986,0.7803129424710509,0.7350527553904943,-0.03724817301579705,0.052793857943113025,0.02296805761478732,0.15198472773243477,0.1487300553662274,2017/18
Gend3_1,-0.08000319968445561,-7.688660728966301,0.07642953686583334,-0.1685044886189046,0.008498089249993387,0.0451500856118399,0.15198472773243477,0.1487300553662274,2017/18
Gend3_2,1.5635792518952787,377.5884784234323,0.07799509047291842,-0.17526354966929159,3.302422053459849,0.8870933101812984,0.15198472773243477,0.1487300553662274,2017/18
Age9_1,-0.1029095750488961,-9.779144804270768,0.3859397095427424,-0.33556333268841476,0.12974418259062254,0.11869134564944984,0.15198472773243477,0.1487300553662274,2017/18
Age9_2,-0.06465523393283541,-6.260941186055402,0.6035742048211377,-0.30871281119468014,0.17940234332900928,0.12450915280739265,0.15198472773243477,0.1487300553662274,2017/18
Age9_3,-0.0017650091384266693,-0.17634524258026696,0.9888536704232521,-0.2494063591127315,0.24587634083587817,0.1263374611487638,0.15198472773243477,0.1487300553662274,2017/18
Age9_4,-0.23912885826746252,-21.26865760078128,0.07068312379551346,-0.49843032278398647,0.020172606249061392,0.13228602049929467,0.15198472773243477,0.1487300553662274,2017/18
Age9_5,-0.6682737086078459,-48.740730119464374,8.11055319794333e-06,-0.9617051030170973,-0.37484231419859443,0.14969784890468776,0.15198472773243477,0.1487300553662274,2017/18
Age9_6,-0.6131020141295834,-45.833200150508226,0.0030481262578946114,-1.018637172123627,-0.20756685613554005,0.20688904447034506,0.15198472773243477,0.1487300553662274,2017/18
Age9_7,-1.673404534576787,-81.23927382699449,1.5273468973688945e-09,-2.215927546034141,-1.1308815231194327,0.2767751826963293,0.15198472773243477,0.1487300553662274,2017/18
Eth7_1,-0.38091308564822135,-31.676272983620112,3.3366666157267823e-10,-0.49966523757955844,-0.26216093371688426,0.06058295750089426,0.15198472773243477,0.1487300553662274,2017/18
Eth7_2,-0.8359635395538274,-56.65433724495661,1.5593232379721327e-30,-0.9782445208800761,-0.6936825582275787,0.07258649636814711,0.15198472773243477,0.1487300553662274,2017/18
Eth7_3,-0.840918048910314,-56.86856260763912,7.009675406221937e-19,-1.0263486785719056,-0.6554874192487223,0.09459985165277485,0.15198472773243477,0.1487300553662274,2017/18
Eth7_4,-0.5344628527355265,-41.40160346922334,0.0005839868154665481,-0.839020590296208,-0.22990511517484508,0.15537409782582898,0.15198472773243477,0.1487300553662274,2017/18
Eth7_5,-0.12786651166399676,-12.002916285238507,0.30883935712260474,-0.37414523719436377,0.11841221386637024,0.12564230053538394,0.15198472773243477,0.1487300553662274,2017/18
Eth7_6,-0.8310599693913635,-56.441266770327616,2.2929221713426766e-09,-1.1034672887084092,-0.5586526500743179,0.13897214307879951,0.15198472773243477,0.1487300553662274,2017/18
IMD10_1,-0.2076675606140721,-18.75229087936421,0.009148119799571364,-0.3638161515314825,-0.0515189696966617,0.07966123807881623,0.15198472773243477,0.1487300553662274,2017/18
IMD10_2,-0.10578288377759158,-10.03800510414169,0.21520162398851178,-0.2730753716577648,0.06150960410258162,0.08534644230551323,0.15198472773243477,0.1487300553662274,2017/18
IMD10_3,-0.09598209122055945,-9.151971430391626,0.28958975459676944,-0.27362890727392947,0.08166472483281056,0.09062883772711199,0.15198472773243477,0.1487300553662274,2017/18
IMD10_4,-0.12619485559602692,-11.855692406722085,0.1789823158436421,-0.3102476535583867,0.05785794236633285,0.0938969328599751,0.15198472773243477,0.1487300553662274,2017/18
IMD10_5,-0.0453085901554326,-4.429748406428535,0.6393850020408285,-0.23484673071225357,0.14422955040138838,0.09669535185174408,0.15198472773243477,0.1487300553662274,2017/18
IMD10_6,-0.07871375921095669,-7.569553977917409,0.43784935765776895,-0.2775799201538097,0.12015240173189634,0.1014541629842043,0.15198472773243477,0.1487300553662274,2017/18
IMD10_7,-0.03890387703914561,-3.8156840084616728,0.7173242495005469,-0.24953410826175787,0.17172635418346666,0.1074557567086555,0.15198472773243477,0.1487300553662274,2017/18
IMD10_8,0.02976876689226098,3.021628629568185,0.7696369407316418,-0.16948074453495177,0.22901827831947374,0.10164973422838135,0.15198472773243477,0.1487300553662274,2017/18
IMD10_9,-0.08124923986547679,-7.803612734579923,0.5491897839825425,-0.3471317859999666,0.18463330626901303,0.1356434450300238,0.15198472773243477,0.1487300553662274,2017/18
Child4_1,-0.14019063073448892,-13.080747520487336,0.20527525482421122,-0.35712346664546113,0.07674220517648328,0.11067111260553746,0.15198472773243477,0.1487300553662274,2017/18
Child4_2,-0.19059358999252185,-17.353159506244854,0.11746993582931751,-0.42922116921815556,0.048033989233111835,0.1217389685630859,0.15198472773243477,0.1487300553662274,2017/18
Child4_3,-0.03487099716921471,-3.4270009875296714,0.8210733872910674,-0.33708974278178666,0.26734774844335724,0.15418083060933943,0.15198472773243477,0.1487300553662274,2017/18
WorkStat8_1,0.10075524956663877,10.600591320775155,0.1339634393887241,-0.031018398671014344,0.23252889780429187,0.06722604349549359,0.15198472773243477,0.1487300553662274,2017/18
WorkStat8_2,-0.041016191490678006,-4.0186410990795345,0.7341356314617771,-0.2777341339433703,0.19570175096201428,0.12076474248317329,0.15198472773243477,0.1487300553662274,2017/18
WorkStat8_3,0.08352470171941723,8.711206849850694,0.37996348280174547,-0.1029473499787808,0.26999675341761525,0.09513114667318595,0.15198472773243477,0.1487300553662274,2017/18
WorkStat8_4,0.026547818083470905,2.6903350637795587,0.8200081731253246,-0.20215069306417294,0.25524632923111473,0.1166735251196681,0.15198472773243477,0.1487300553662274,2017/18
WorkStat8_5,-0.9207944239355211,-60.179742625922415,1.4335393490619732e-07,-1.26367236934614,-0.5779164785249021,0.17492365112521283,0.15198472773243477,0.1487300553662274,2017/18
WorkStat8_6,0.7015845205818613,101.69460693879518,1.5388416234003185e-06,0.4155869744018281,0.9875820667618944,0.14590537437673787,0.15198472773243477,0.1487300553662274,2017/18
WorkStat8_7,0.24682886406263116,27.996004687136388,0.06299502326333498,-0.013375824844883144,0.5070335529701455,0.13274681219025097,0.15198472773243477,0.1487300553662274,2017/18
HHLiv9_1,0.28610600689818355,33.12335677139835,0.005824208907742258,0.08276572457179573,0.48944628922457134,0.1037366943002621,0.15198472773243477,0.1487300553662274,2017/18
HHLiv9_2,-0.10570340440027824,-10.030854696654302,0.3556233754596772,-0.32999619938536656,0.11858939058481009,0.114425891618328,0.15198472773243477,0.1487300553662274,2017/18
HHLiv9_3,0.19843798142955668,21.949639364593153,0.0015095088987984728,0.07587247815199254,0.3210034847071208,0.06252838837340621,0.15198472773243477,0.1487300553662274,2017/18
HHLiv9_4,-0.11411810947892179,-10.78474220166379,0.36675041919364304,-0.36194316814022454,0.133706949182381,0.12643118252893193,0.15198472773243477,0.1487300553662274,2017/18
HHLiv9_5,0.16680473530535822,18.152353295027936,0.09058835626432642,-0.02638640177255061,0.359995872383267,0.09855897562098695,0.15198472773243477,0.1487300553662274,2017/18
HHLiv9_6,-0.043529438936720025,-4.259563129053079,0.8353691937067002,-0.4540894398403619,0.36703056196692185,0.20945253354814208,0.15198472773243477,0.1487300553662274,2017/18
HHLiv9_7,0.22430606271436526,25.1453984223065,0.045540962077480825,0.004449449090898727,0.4441626763378318,0.1121627158987605,0.15198472773243477,0.1487300553662274,2017/18
HHLiv9_8,-0.21343920038516623,-19.21987273362231,0.08223900743537074,-0.4541634080212549,0.027285007250922394,0.12280859086314495,0.15198472773243477,0.1487300553662274,2017/18
const,5.898982273880908,36366.61486825006,1.7553351859666592e-257,5.569824073626882,6.228140474134935,0.16792409676200104,0.15879715511396153,0.1555204657629219,2018/19
Disab2_POP,0.17301945646602396,18.888923644203935,0.01133960566685304,0.03909906962057738,0.3069398433114705,0.06832112941948283,0.15879715511396153,0.1555204657629219,2018/19
Educ6,-0.17108975616834116,-15.725407156855486,3.2030001884147582e-21,-0.2064894393791244,-0.13569007295755792,0.018059582973306256,0.15879715511396153,0.1555204657629219,2018/19
NSSEC5,-0.1327425680967054,-12.430950623475546,0.00012356783146648452,-0.20049879178969704,-0.06498634440371376,0.03456666932456451,0.15879715511396153,0.1555204657629219,2018/19
Motiva_POP,-0.6741902376713296,-49.04311167278165,4.973690535556629e-200,-0.7171603063735533,-0.6312201689691058,0.021921708069412734,0.15879715511396153,0.1555204657629219,2018/19
motivd_POP,0.033416926531113264,3.3981543724720398,0.13888588788952286,-0.010840039500326262,0.07767389256255279,0.022578234540474997,0.15879715511396153,0.1555204657629219,2018/19
Gend3_1,-0.018834932186830886,-1.8658663257521413,0.6720934023322874,-0.10605587169819006,0.06838600732452829,0.04449683305740142,0.15879715511396153,0.1555204657629219,2018/19
Gend3_2,-0.09503226418657502,-9.065640523647911,0.8580405296952567,-1.1364339144920423,0.9463693861188922,0.531283836644637,0.15879715511396153,0.1555204657629219,2018/19
Age9_1,-0.010800708732057018,-1.0742590505039007,0.9259048474474327,-0.2384464072249649,0.21684498976085087,0.11613624777287855,0.15879715511396153,0.1555204657629219,2018/19
Age9_2,0.030069539302532138,3.0526193534648804,0.8061336884392794,-0.21009259029296887,0.27023166889803313,0.12252165875751968,0.15879715511396153,0.1555204657629219,2018/19
Age9_3,0.09173174960126272,9.607076122286685,0.4617750798882417,-0.15259031113000204,0.33605381033252746,0.12464389869572005,0.15879715511396153,0.1555204657629219,2018/19
Age9_4,-0.1325913804774551,-12.41771026651649,0.3037983767563748,-0.38532283753206953,0.1201400765771593,0.12893405546782044,0.15879715511396153,0.1555204657629219,2018/19
Age9_5,-0.4295399772558617,-34.9191587456618,0.0030236455110684694,-0.7134201124847297,-0.1456598420269936,0.14482493603438418,0.15879715511396153,0.1555204657629219,2018/19
Age9_6,-0.6057090597363401,-45.431263550795684,0.003520237010261798,-1.0124805036379056,-0.1989376158347746,0.2075194458258368,0.15879715511396153,0.1555204657629219,2018/19
Age9_7,-1.5645820153596595,-79.08245729811816,6.777645489331919e-08,-2.132478250150754,-0.9966857805685646,0.289719235942594,0.15879715511396153,0.1555204657629219,2018/19
Eth7_1,-0.40525698032441965,-33.319456703744365,1.3761739725125066e-11,-0.5226466258242488,-0.28786733482459054,0.05988776878278357,0.15879715511396153,0.1555204657629219,2018/19
Eth7_2,-1.0999816421354498,-66.71228054435623,1.6827612205380957e-54,-1.2379754014397308,-0.9619878828311688,0.07039921038601232,0.15879715511396153,0.1555204657629219,2018/19
Eth7_3,-0.7775003651456361,-54.044670775712575,7.783114531474785e-16,-0.9663843413194565,-0.5886163889718158,0.09636147927448184,0.15879715511396153,0.1555204657629219,2018/19
Eth7_4,-0.7421837178179445,-52.39268298767668,2.143365257281569e-06,-1.0489920992688142,-0.4353753363670746,0.15652206232257942,0.15879715511396153,0.1555204657629219,2018/19
Eth7_5,-0.3417514821855439,-28.94752391697236,0.003287638182229989,-0.5695992852126932,-0.11390367915839461,0.11623935388215306,0.15879715511396153,0.1555204657629219,2018/19
Eth7_6,-0.763509662883457,-53.39720475622533,4.6198272656195304e-09,-1.0187015880760244,-0.5083177376908896,0.13018929349427266,0.15879715511396153,0.1555204657629219,2018/19
IMD10_1,0.2436442235818963,27.589031804353592,0.0023886765335485046,0.08642815140592164,0.40086029575787097,0.0802057092797498,0.15879715511396153,0.1555204657629219,2018/19
IMD10_2,0.27416604539066297,31.543320572631227,0.0013503522019591202,0.10652978003132307,0.44180231075000287,0.08552169875548447,0.15879715511396153,0.1555204657629219,2018/19
IMD10_3,0.5005299283221475,64.95952063379704,3.197473211286926e-08,0.32323696676004177,0.6778228898842532,0.09044818087351479,0.15879715511396153,0.1555204657629219,2018/19
IMD10_4,0.4801199694386113,61.62682933619534,3.969955894636666e-07,0.2946133362852385,0.6656266025919841,0.09463848627073344,0.15879715511396153,0.1555204657629219,2018/19
IMD10_5,0.3721900810889837,45.09087453978991,0.000133272648771876,0.1812860476770501,0.5630941145009174,0.09739203627368748,0.15879715511396153,0.1555204657629219,2018/19
IMD10_6,0.47954420578738777,61.53379726761283,2.5978802766732702e-06,0.2796558437589783,0.6794325678157973,0.1019755018132681,0.15879715511396153,0.1555204657629219,2018/19
IMD10_7,0.4320830123962277,54.04629873774462,4.281193861107786e-05,0.22516920577602784,0.6389968190164276,0.10555961861946471,0.15879715511396153,0.1555204657629219,2018/19
IMD10_8,0.49758850776983826,64.47501822150666,1.7809904772533923e-06,0.2935041171013092,0.7016728984383673,0.10411615733646572,0.15879715511396153,0.1555204657629219,2018/19
IMD10_9,0.5134618074038065,67.10661023754321,7.364139382831795e-05,0.25966074852376547,0.7672628662838477,0.12947972597000187,0.15879715511396153,0.1555204657629219,2018/19
Child4_1,-0.3208172218978745,-27.444414540665683,0.0043228859271338274,-0.5411484859875322,-0.10048595780821673,0.11240469926658955,0.15879715511396153,0.1555204657629219,2018/19
Child4_2,-0.23527045750521625,-20.964293727951166,0.05713113291293639,-0.4776729404117058,0.007132025401273306,0.12366460250276184,0.15879715511396153,0.1555204657629219,2018/19
Child4_3,-0.01308638650713758,-1.3001132047372632,0.9320093522808658,-0.3137401223291458,0.28756734931487066,0.1533821942976626,0.15879715511396153,0.1555204657629219,2018/19
WorkStat8_1,0.13737824194490028,14.72620090767187,0.038344227362837394,0.007376486420113709,0.2673799974696869,0.06632199154426878,0.15879715511396153,0.1555204657629219,2018/19
WorkStat8_2,-0.05212912550771029,-5.079370781509773,0.6555850611871537,-0.2812211790242699,0.17696292800884936,0.11687412354433574,0.15879715511396153,0.1555204657629219,2018/19
WorkStat8_3,0.010545198279735208,1.060099483923671,0.9110981115754645,-0.17457967156903853,0.19567006812850896,0.09444372503418458,0.15879715511396153,0.1555204657629219,2018/19
WorkStat8_4,-0.08972576430802802,-8.5818147808427,0.442895408661591,-0.31892963161961285,0.13947810300355684,0.1169311667245471,0.15879715511396153,0.1555204657629219,2018/19
WorkStat8_5,-1.0794438383947038,-66.02155518315095,8.595861980828664e-09,-1.4467584853086617,-0.7121291914807458,0.18739007645222786,0.15879715511396153,0.1555204657629219,2018/19
WorkStat8_6,0.6141574790435014,84.80988814081105,2.593679799634744e-05,0.3280802199833606,0.9002347381036422,0.14594582572984366,0.15879715511396153,0.1555204657629219,2018/19
WorkStat8_7,-0.046372761088657115,-4.531397394713221,0.7298753161175682,-0.30961694710925136,0.21687142493193712,0.13429725320906916,0.15879715511396153,0.1555204657629219,2018/19
HHLiv9_1,0.3626587502068127,43.71453499994136,0.00032258973689634204,0.16505717214686597,0.5602603282667594,0.10080887089811066,0.15879715511396153,0.1555204657629219,2018/19
HHLiv9_2,-0.08685377144085579,-8.31888501949174,0.4563528471497044,-0.31540749947712626,0.14169995659541468,0.11659949019182693,0.15879715511396153,0.1555204657629219,2018/19
HHLiv9_3,0.18316398227784098,20.1011336508677,0.002767296695611574,0.0632106508124695,0.30311731374321244,0.06119566465113162,0.15879715511396153,0.1555204657629219,2018/19
HHLiv9_4,-0.04784923911531552,-4.672250679717371,0.7074356945695836,-0.29775442175753375,0.2020559435269027,0.1274921968796494,0.15879715511396153,0.1555204657629219,2018/19
HHLiv9_5,0.08917888582301575,9.327621044956835,0.3553796117478049,-0.09995472716157058,0.2783124988076021,0.09648883455815419,0.15879715511396153,0.1555204657629219,2018/19
HHLiv9_6,-0.11526105089201655,-10.886651765057398,0.5881423087321234,-0.5324569735751288,0.3019348717910956,0.21283762165209577,0.15879715511396153,0.1555204657629219,2018/19
HHLiv9_7,0.1617805080842083,17.560217782639032,0.16330618721154236,-0.06568566129281928,0.38924667746123587,0.1160446587904275,0.15879715511396153,0.1555204657629219,2018/19
HHLiv9_8,0.054278640317332504,5.577874369750746,0.6539543800151232,-0.18305800957938884,0.29161529021405386,0.12108020560225641,0.15879715511396153,0.1555204657629219,2018/19
const,5.735405761286143,30863.858462319833,7.490311551574218e-155,5.318962513914907,6.151849008657378,0.2124485017507827,0.15793496969465537,0.15386493098380072,2019/20
Disab2_POP,0.3657458419981916,44.15888047598799,9.056247659264217e-06,0.20430693415411058,0.5271847498422726,0.08235805073622296,0.15793496969465537,0.15386493098380072,2019/20
Educ6,-0.2031926676996889,-18.387901387597662,8.493518690316653e-20,-0.24683539514807537,-0.15954994025130245,0.02226433521795623,0.15793496969465537,0.15386493098380072,2019/20
NSSEC5,-0.2860115051536464,-24.874602739521766,5.17261155721177e-12,-0.3671535226738727,-0.20486948763342008,0.041394596166523204,0.15793496969465537,0.15386493098380072,2019/20
Motiva_POP,-0.6213446936585044,-46.27784467412689,9.028971044264833e-120,-0.6729580696265762,-0.5697313176904326,0.026330561160334675,0.15793496969465537,0.15386493098380072,2019/20
motivd_POP,-0.005020684158449822,-0.5008101590248004,0.8529605919107551,-0.05811879198971381,0.04807742367281417,0.02708799704584356,0.15793496969465537,0.15386493098380072,2019/20
Gend3_1,0.07800825304922704,8.113158126542498,0.13461131408011975,-0.0241863067835629,0.18020281288201698,0.05213454957093524,0.15793496969465537,0.15386493098380072,2019/20
Gend3_2,0.4233622991558976,52.70874582523981,0.3802212061983633,-0.5223368397009451,1.3690614380127404,0.4824483682359712,0.15793496969465537,0.15386493098380072,2019/20
Age9_1,0.05014574417041653,5.142432417560627,0.7067960912394881,-0.21115941672295105,0.3114509050637841,0.13330481471838018,0.15793496969465537,0.15386493098380072,2019/20
Age9_2,0.03504457746930373,3.566587513438413,0.8050114362923942,-0.24321410924923187,0.3133032641878393,0.14195365506742152,0.15793496969465537,0.15386493098380072,2019/20
Age9_3,0.14227506282676042,15.289372313372795,0.327110558335167,-0.14230529101015185,0.42685541666367266,0.14517865323066242,0.15793496969465537,0.15386493098380072,2019/20
Age9_4,0.040438527741494465,4.126729868252865,0.7880281597381185,-0.2543698934269398,0.33524694890992873,0.15039650126663,0.15793496969465537,0.15386493098380072,2019/20
Age9_5,-0.20638612058098213,-18.648110075830193,0.23795937202260709,-0.5491824165070596,0.13641017534509534,0.1748775131663794,0.15793496969465537,0.15386493098380072,2019/20
Age9_6,0.2730365292762447,31.394824152637746,0.2723891481908104,-0.21456292167723,0.7606359802297195,0.24874883543789456,0.15793496969465537,0.15386493098380072,2019/20
Age9_7,-1.0348613304402086,-64.47243565736535,0.0075172306484523315,-1.7935988154378155,-0.2761238454426016,0.3870698899007584,0.15793496969465537,0.15386493098380072,2019/20
Eth7_1,-0.36336363879855865,-30.466646273164876,1.4065631967622378e-07,-0.49856309663302795,-0.22816418096408936,0.0689719966304226,0.15793496969465537,0.15386493098380072,2019/20
Eth7_2,-1.1471922604014269,-68.24729477688594,7.852406928533591e-49,-1.2994544742506078,-0.9949300465522459,0.07767656075517883,0.15793496969465537,0.15386493098380072,2019/20
Eth7_3,-0.903115576190512,-59.46950678105109,3.0410036949356562e-15,-1.1271451479819823,-0.6790860043990417,0.11428867480840489,0.15793496969465537,0.15386493098380072,2019/20
Eth7_4,-0.7865485425526133,-54.45860723799609,5.0951539021304175e-06,-1.1244112161921267,-0.4486858689130998,0.17236062600444055,0.15793496969465537,0.15386493098380072,2019/20
Eth7_5,-0.20827539903595993,-18.801661352502798,0.14200868981322393,-0.4862945863019074,0.06974378822998756,0.14183147443370092,0.15793496969465537,0.15386493098380072,2019/20
Eth7_6,-1.1115435974012517,-67.09493528637186,7.493853460762534e-14,-1.4024504893610832,-0.8206367054414203,0.14840613633662625,0.15793496969465537,0.15386493098380072,2019/20
IMD10_1,0.027085674515776086,2.7455825773125664,0.8183003732686627,-0.2040193565393259,0.2581907055708781,0.11789821999672498,0.15793496969465537,0.15386493098380072,2019/20
IMD10_2,0.14282408142361172,15.352685701315515,0.24292720180172572,-0.09691860738053498,0.3825667702277584,0.12230472066399294,0.15793496969465537,0.15386493098380072,2019/20
IMD10_3,0.28290608989630084,32.69805390855496,0.02339000318637113,0.03832454920317446,0.5274876305894272,0.1247732607123594,0.15793496969465537,0.15386493098380072,2019/20
IMD10_4,0.06919399252238914,7.164407992317412,0.5871820832805895,-0.18062013202626323,0.3190081170710415,0.1274426631037034,0.15793496969465537,0.15386493098380072,2019/20
IMD10_5,0.24429578812269043,27.672191382245636,0.07064496011124,-0.020573373213645163,0.509164949459026,0.13512298936553133,0.15793496969465537,0.15386493098380072,2019/20
IMD10_6,0.36004355379789144,43.339184285945876,0.0076380893058158005,0.09553748564835385,0.624549621947429,0.13493775739450506,0.15793496969465537,0.15386493098380072,2019/20
IMD10_7,0.22800619562413585,25.609310768901096,0.09506411536789572,-0.03971344733247603,0.4957258385807477,0.13657716242108817,0.15793496969465537,0.15386493098380072,2019/20
IMD10_8,0.3076102526666916,36.01707626891268,0.027195179088113752,0.03464985651743013,0.5805706488159531,0.13925073239935587,0.15793496969465537,0.15386493098380072,2019/20
IMD10_9,0.6239428599083109,86.627200328635,0.00011385607791550936,0.30713516340114,0.9407505564154818,0.16161943047684046,0.15793496969465537,0.15386493098380072,2019/20
Child4_1,-0.10693862671925448,-10.141917984904525,0.4091192784934946,-0.36087803403016244,0.1470007805916535,0.12954717589787593,0.15793496969465537,0.15386493098380072,2019/20
Child4_2,0.015528929093124554,1.5650129470497376,0.9129827133718134,-0.2630211067717041,0.29407896495795316,0.14210228681978404,0.15793496969465537,0.15386493098380072,2019/20
Child4_3,-0.2825584341767844,-24.61474100832476,0.12880886864200328,-0.647201868194098,0.0820849998405292,0.18602282956741117,0.15793496969465537,0.15386493098380072,2019/20
WorkStat8_1,0.048779606285560835,4.998891428045615,0.5499855791370418,-0.11116980471821719,0.20872901728933885,0.08159818399788009,0.15793496969465537,0.15386493098380072,2019/20
WorkStat8_2,-0.06646925359825882,-6.430831543349913,0.5964679065319594,-0.3125364081820329,0.17959790098551526,0.12553114656413045,0.15793496969465537,0.15386493098380072,2019/20
WorkStat8_3,-0.15046301051834807,-13.969044817674458,0.19989276783614907,-0.38053447721731326,0.07960845618061713,0.1173709471923024,0.15793496969465537,0.15386493098380072,2019/20
WorkStat8_4,-0.20055909532842245,-18.172686752260926,0.15211381304347943,-0.47505484725933167,0.07393665660248674,0.1400339940743247,0.15793496969465537,0.15386493098380072,2019/20
WorkStat8_5,-1.0330545467364658,-64.40818700884998,1.7333578257540734e-06,-1.4562350902562993,-0.6098740032166322,0.21588553304293606,0.15793496969465537,0.15386493098380072,2019/20
WorkStat8_6,0.9759822002149652,165.37724672193156,6.816073088869661e-09,0.6461639096179033,1.305800490812027,0.16825678439897265,0.15793496969465537,0.15386493098380072,2019/20
WorkStat8_7,0.10879900066435538,11.493822597507219,0.42394242839277313,-0.1579088618521211,0.3755068631808319,0.13606100268032068,0.15793496969465537,0.15386493098380072,2019/20
HHLiv9_1,0.3645786734520314,43.99072091940941,0.001139954792061016,0.14498787069218744,0.5841694762118753,0.11202423700964244,0.15793496969465537,0.15386493098380072,2019/20
HHLiv9_2,-0.28849119591706573,-25.060659715987164,0.03274490693283513,-0.5533013621124614,-0.02368102972167002,0.13509289299734104,0.15793496969465537,0.15386493098380072,2019/20
HHLiv9_3,0.17013915466366292,18.546980349495513,0.017836247061411563,0.029382964477402018,0.3108953448499238,0.07180676336087186,0.15793496969465537,0.15386493098380072,2019/20
HHLiv9_4,-0.17000765087047864,-15.634163814916324,0.24949597138186508,-0.45937705589382427,0.11936175415286698,0.14762178745312368,0.15793496969465537,0.15386493098380072,2019/20
HHLiv9_5,0.1423406222485341,15.296930865722768,0.2175656834123376,-0.08393109665065099,0.36861234114771924,0.11543250604290253,0.15793496969465537,0.15386493098380072,2019/20
HHLiv9_6,-0.35996585902853373,-30.229985417481544,0.15130935008855168,-0.8516667991526881,0.13173508109562054,0.25084120993251846,0.15793496969465537,0.15386493098380072,2019/20
HHLiv9_7,0.04902768640760265,5.024942797125154,0.7007763407857658,-0.2010593652435152,0.29911473805872046,0.12758189685133162,0.15793496969465537,0.15386493098380072,2019/20
HHLiv9_8,-0.1797783544324123,-16.454463413005605,0.24755513343644164,-0.4845256557678546,0.12496894690303001,0.15546682048513122,0.15793496969465537,0.15386493098380072,2019/20
const,5.921811622666623,37208.69948708463,4.0945764950670026e-128,5.4453511124049,6.398272132928346,0.2430730026085082,0.1487947473771406,0.14559114016435426,2020/21
Disab2_POP,0.28507861375533594,32.98665698173613,5.0210867504556283e-05,0.147309925424595,0.4228473020860769,0.0702846259380318,0.1487947473771406,0.14559114016435426,2020/21
Educ6,-0.19033496920877713,-17.33178255143908,4.060149100531524e-24,-0.22708783788771963,-0.15358210052983462,0.018749990716669163,0.1487947473771406,0.14559114016435426,2020/21
NSSEC5,-0.264862194677687,-23.268831767585464,6.862485237534242e-14,-0.334093752464887,-0.19563063689048704,0.035319448861260795,0.1487947473771406,0.14559114016435426,2020/21
Motiva_POP,-0.6910990027667852,-49.897486162897074,1.2400712409021395e-186,-0.7368038288068494,-0.645394176726721,0.02331695714542087,0.1487947473771406,0.14559114016435426,2020/21
motivd_POP,0.0375790045553598,3.829402379922331,0.10700171022264436,-0.00811806721000332,0.08327607632072292,0.023313001193575836,0.1487947473771406,0.14559114016435426,2020/21
Gend3_1,0.010318750789248737,1.0372172689151027,0.8247973278542693,-0.08104453945628072,0.1016820410347782,0.0466102621515779,0.1487947473771406,0.14559114016435426,2020/21
Gend3_2,0.14610621417103253,15.731910521228865,0.7550688566401549,-0.7719021470502329,1.0641145753922978,0.4683348230878464,0.1487947473771406,0.14559114016435426,2020/21
Age9_1,-0.07537668770682812,-7.260591742565592,0.5125541618424394,-0.3009888471915344,0.1502354717778782,0.11509920308151687,0.1487947473771406,0.14559114016435426,2020/21
Age9_2,-0.05798597345620446,-5.633681632305699,0.6351677418391399,-0.2975367171723823,0.18156477025997333,0.12221016705079583,0.1487947473771406,0.14559114016435426,2020/21
Age9_3,0.11296162501346718,11.958896791263406,0.3641290800167816,-0.13101404753804433,0.3569372975649787,0.1244676064716257,0.1487947473771406,0.14559114016435426,2020/21
Age9_4,0.15532188030342778,16.80338676991642,0.22731375151066358,-0.0968423994751674,0.407486160082023,0.1286451391380278,0.1487947473771406,0.14559114016435426,2020/21
Age9_5,-0.18393126751829922,-16.800701319577406,0.2138826879976992,-0.4739770654944946,0.10611453045789618,0.1479709262144878,0.1487947473771406,0.14559114016435426,2020/21
Age9_6,0.33250935136352144,39.44629392538099,0.11400754930764949,-0.07986089347141495,0.7448795961984578,0.21037645605377314,0.1487947473771406,0.14559114016435426,2020/21
Age9_7,-0.9540952585344149,-61.48395424005151,0.0010102535320446458,-1.5228079667450976,-0.38538255032373214,0.2901367534750186,0.1487947473771406,0.14559114016435426,2020/21
Eth7_1,-0.2606017528526618,-22.94122571143442,3.354333983589432e-05,-0.3837061015296567,-0.13749740417566694,0.0628034076751603,0.1487947473771406,0.14559114016435426,2020/21
Eth7_2,-0.9276019138515654,-60.449898043019346,7.805940528830743e-40,-1.0647725200763682,-0.7904313076267627,0.06997950597495874,0.1487947473771406,0.14559114016435426,2020/21
Eth7_3,-0.8366594648848538,-56.684492095678706,3.969455486544219e-17,-1.0312951051101524,-0.6420238246595551,0.09929609792468347,0.1487947473771406,0.14559114016435426,2020/21
Eth7_4,-0.970855688997081,-62.12412003378689,1.5933844966660533e-10,-1.26813275559187,-0.673578622402292,0.151660059181299,0.1487947473771406,0.14559114016435426,2020/21
Eth7_5,-0.03009760548721692,-2.9649182638126326,0.8034486894377664,-0.26713224040207173,0.20693702942763792,0.1209265389052202,0.1487947473771406,0.14559114016435426,2020/21
Eth7_6,-0.6496929210340394,-47.779388934534886,1.4020061514880679e-06,-0.9135174416371793,-0.38586840043089954,0.13459377430782077,0.1487947473771406,0.14559114016435426,2020/21
IMD10_1,-0.19720124368773212,-17.897460949112777,0.3157158988779523,-0.5824589759063364,0.1880564885308722,0.19654462800512165,0.1487947473771406,0.14559114016435426,2020/21
IMD10_2,-0.025765491621894232,-2.543639385618124,0.8943540194845272,-0.40607036448739803,0.35453938124360956,0.19401785743646643,0.1487947473771406,0.14559114016435426,2020/21
IMD10_3,0.02337613704255115,2.365150039162245,0.904681785048032,-0.3592558815168663,0.4060081556019686,0.19520508340618284,0.1487947473771406,0.14559114016435426,2020/21
IMD10_4,-0.04702115589712508,-4.5932786770950695,0.8103257689133844,-0.4310400342992105,0.33699772250496035,0.19591260937925728,0.1487947473771406,0.14559114016435426,2020/21
IMD10_5,0.02467389983352397,2.498081960369092,0.899948744938662,-0.3600008895324073,0.4093486891994552,0.19624723154414198,0.1487947473771406,0.14559114016435426,2020/21
IMD10_6,0.15992585540464233,17.342386472869475,0.42128872515786736,-0.2298700377992141,0.5497217486084988,0.19885983439316016,0.1487947473771406,0.14559114016435426,2020/21
IMD10_7,0.034087786780383544,3.467543356641656,0.8645732226447324,-0.35766680281030244,0.42584237637106953,0.19985909078837236,0.1487947473771406,0.14559114016435426,2020/21
IMD10_8,-0.025222083403435125,-2.4906664066466355,0.8992889844756912,-0.4158535826429271,0.36540941583605685,0.19928613051572475,0.1487947473771406,0.14559114016435426,2020/21
IMD10_9,-0.09331980777234339,-8.909785987525598,0.6508490948434859,-0.49748171582876244,0.31084210028407566,0.20618885808037538,0.1487947473771406,0.14559114016435426,2020/21
Child4_1,0.05136612580060526,5.270824638455429,0.652781468013614,-0.1724230641873181,0.2751553157885286,0.11416918966025065,0.1487947473771406,0.14559114016435426,2020/21
Child4_2,0.04233810814314226,4.324714948353048,0.7347907291735706,-0.20263597727010765,0.28731219355639215,0.12497696077679656,0.1487947473771406,0.14559114016435426,2020/21
Child4_3,0.10072025385130362,10.5967208416909,0.5366751878376808,-0.2188107209771366,0.42025122867974385,0.16301320215458853,0.1487947473771406,0.14559114016435426,2020/21
WorkStat8_1,0.1347841459864006,14.428975815445732,0.06217002322411462,-0.006857939761365256,0.27642623173416647,0.07226069388107098,0.1487947473771406,0.14559114016435426,2020/21
WorkStat8_2,-0.19294770617220286,-17.54749094151622,0.06907851769244286,-0.4009753164649236,0.015079904120517906,0.10612819902230318,0.1487947473771406,0.14559114016435426,2020/21
WorkStat8_3,0.06044115544637524,6.230508486254482,0.5511438059224804,-0.13831959557361231,0.25920190646636276,0.1014005809728316,0.1487947473771406,0.14559114016435426,2020/21
WorkStat8_4,-0.19953646120335597,-18.088964548076024,0.12735675232002008,-0.4560587955397789,0.056985873133066994,0.13086846170954797,0.1487947473771406,0.14559114016435426,2020/21
WorkStat8_5,-0.9523328412067675,-61.416013040824424,1.9722949294252896e-07,-1.310982506637867,-0.593683175775668,0.18297015006130682,0.1487947473771406,0.14559114016435426,2020/21
WorkStat8_6,0.6532555530158001,92.17871358112919,1.1765494714723448e-05,0.3611523620575477,0.9453587439740525,0.14902053406009824,0.1487947473771406,0.14559114016435426,2020/21
WorkStat8_7,-0.14289563762020427,-13.315546986689053,0.3062992858653754,-0.41667962433773353,0.13088834909732502,0.1396747354382039,0.1487947473771406,0.14559114016435426,2020/21
HHLiv9_1,0.2037610018435538,22.60051054786394,0.06129812230212822,-0.009651405987210926,0.41717340967431854,0.1088753289057268,0.1487947473771406,0.14559114016435426,2020/21
HHLiv9_2,-0.12978546902003738,-12.171617019816683,0.2559789204348517,-0.35372895446686986,0.09415801642679511,0.11424790564967294,0.1487947473771406,0.14559114016435426,2020/21
HHLiv9_3,0.16638874313810503,18.103213063199085,0.008979209257400337,0.0415836022324995,0.29119388404371055,0.06367109065185551,0.1487947473771406,0.14559114016435426,2020/21
HHLiv9_4,-0.3579430702130932,-30.088712577941223,0.006049467707149965,-0.6134917614622888,-0.10239437896389758,0.130371744051769,0.1487947473771406,0.14559114016435426,2020/21
HHLiv9_5,-0.09161126862943662,-8.754021764604591,0.3737956017988869,-0.2935098018225365,0.11028726456366326,0.10300136449617313,0.1487947473771406,0.14559114016435426,2020/21
HHLiv9_6,-0.2071633002873043,-18.711310551505512,0.3922866835289667,-0.6818195465396564,0.2674929459650478,0.2421525320536341,0.1487947473771406,0.14559114016435426,2020/21
HHLiv9_7,0.10744146916507906,11.342568910407369,0.3350391491491612,-0.11101365008649001,0.32589658841664815,0.1114479387651878,0.1487947473771406,0.14559114016435426,2020/21
HHLiv9_8,-0.1393004446836777,-13.0033387653979,0.2860067392168193,-0.3952127317088536,0.11661184234149824,0.13055723752940213,0.1487947473771406,0.14559114016435426,2020/21
const,6.65983721596705,77942.38862385442,7.666691846842448e-184,6.216000565631426,7.103673866302674,0.22642923109741736,0.17061135429643748,0.16745395381465655,2021/22
Disab2_POP,0.1372786083203165,14.71477088985722,0.03911188693216738,0.006857933637303665,0.26769928300332935,0.06653585968024493,0.17061135429643748,0.16745395381465655,2021/22
Educ6,-0.17793135641265134,-16.300012380902217,5.74721426632289e-21,-0.2149894027540388,-0.14087331007126389,0.01890566029801197,0.17061135429643748,0.16745395381465655,2021/22
NSSEC5,-0.2039636056996663,-18.450795009019462,7.672891566888386e-09,-0.27313909057334107,-0.1347881208259915,0.035290803134199876,0.17061135429643748,0.16745395381465655,2021/22
Motiva_POP,-0.7287140948427446,-51.74709220524716,8.420811906720528e-218,-0.7731495407061247,-0.6842786489793645,0.02266933979586343,0.17061135429643748,0.16745395381465655,2021/22
motivd_POP,0.05729917227245104,5.897257824175517,0.011681175051954235,0.012765085904070918,0.10183325864083118,0.022719662574942893,0.17061135429643748,0.16745395381465655,2021/22
Gend3_1,-0.06382505645539505,-6.183088819502247,0.16446031104946715,-0.15381018288373904,0.02616006997294895,0.04590712139695156,0.17061135429643748,0.16745395381465655,2021/22
Gend3_2,0.407615630911673,50.32292552542532,0.2172411480795723,-0.23988511857710976,1.0551163804004557,0.33033120795878285,0.17061135429643748,0.16745395381465655,2021/22
Age9_1,-0.192889620426613,-17.542701486953625,0.0998883261227959,-0.42266139683094284,0.03688215597771685,0.11722115922553467,0.17061135429643748,0.16745395381465655,2021/22
Age9_2,-0.25607569026885163,-22.59166240040187,0.038808314939291884,-0.49898125504008817,-0.013170125497615065,0.1239215378424562,0.17061135429643748,0.16745395381465655,2021/22
Age9_3,-0.0927687648571139,-8.859577538212616,0.4614484962007144,-0.3396723985698792,0.15413486885565142,0.12596120643589087,0.17061135429643748,0.16745395381465655,2021/22
Age9_4,-0.2553653883190324,-22.536659575278183,0.048885974866014474,-0.5094832005158827,-0.0012475761221821258,0.12964161652801745,0.17061135429643748,0.16745395381465655,2021/22
Age9_5,-0.564902179985754,-43.15842535254686,0.00013601063618715934,-0.8550350719678267,-0.2747692880036813,0.1480151934228355,0.17061135429643748,0.16745395381465655,2021/22
Age9_6,-0.5744920577174253,-43.70092369948376,0.005852135844359966,-0.9830251639485577,-0.16595895148629292,0.20841865369118248,0.17061135429643748,0.16745395381465655,2021/22
Age9_7,-1.8679004047749035,-84.55524009308924,4.6982314662312686e-11,-2.4238248154192856,-1.3119759941305211,0.28361230816631605,0.17061135429643748,0.16745395381465655,2021/22
Eth7_1,-0.3014695963949813,-26.026968351889003,1.3447842018204814e-06,-0.4236781207348214,-0.17926107205514114,0.06234632083424184,0.17061135429643748,0.16745395381465655,2021/22
Eth7_2,-0.8429398045322908,-56.95567574326235,3.9013547924648894e-35,-0.97611939501411,-0.7097602140504715,0.06794335764715209,0.17061135429643748,0.16745395381465655,2021/22
Eth7_3,-0.9611406444341717,-61.75436096736673,3.900360658609105e-23,-1.1509355333677846,-0.7713457555005586,0.0968264129042982,0.17061135429643748,0.16745395381465655,2021/22
Eth7_4,-0.8198160314513815,-55.94873124682201,1.1211988683151262e-08,-1.1009910808992318,-0.5386409820035312,0.14344522968554183,0.17061135429643748,0.16745395381465655,2021/22
Eth7_5,-0.1191250334147745,-11.230319793962472,0.32623946587142444,-0.35696798372746946,0.11871791689792048,0.12133877704898995,0.17061135429643748,0.16745395381465655,2021/22
Eth7_6,-0.7091506534624279,-50.79380488584966,1.979003943402243e-07,-0.976248627759473,-0.4420526791653828,0.13626362064066666,0.17061135429643748,0.16745395381465655,2021/22
IMD10_1,-0.15703376576470846,-14.53248004312303,0.3661494368273901,-0.4976292375264501,0.1835617059970332,0.1737593565739907,0.17061135429643748,0.16745395381465655,2021/22
IMD10_2,-0.13734776116981512,-12.83329585327918,0.42011034777461864,-0.4712650354757279,0.19656951313609766,0.17035238440552153,0.17061135429643748,0.16745395381465655,2021/22
IMD10_3,-0.05368495671208176,-5.226936434995699,0.755013105465014,-0.39091698691092536,0.2835470734867618,0.17204345166538929,0.17061135429643748,0.16745395381465655,2021/22
IMD10_4,-0.13838165915150552,-12.923370760610876,0.42361345256526745,-0.47736127647832194,0.2005979581753109,0.1729350067214294,0.17061135429643748,0.16745395381465655,2021/22
IMD10_5,0.04537844258084599,4.642379630652815,0.7940039751740339,-0.29526447716604576,0.38602136232773776,0.17378356280118384,0.17061135429643748,0.16745395381465655,2021/22
IMD10_6,0.08684232176139405,9.072468261177535,0.6238796844842133,-0.2602913856922445,0.43397602921503264,0.17709492536789365,0.17061135429643748,0.16745395381465655,2021/22
IMD10_7,0.05387149224530123,5.534897291362917,0.760261620703356,-0.2921832719903073,0.3999262564809098,0.1765444879872231,0.17061135429643748,0.16745395381465655,2021/22
IMD10_8,-0.016352508149152796,-1.6219531707210133,0.9263800066527434,-0.36324334378735135,0.33053832748904577,0.176971021047726,0.17061135429643748,0.16745395381465655,2021/22
IMD10_9,-0.15665857900644103,-14.500407745198729,0.39813373427392956,-0.5200662969953742,0.2067491389824921,0.18539733051986007,0.17061135429643748,0.16745395381465655,2021/22
Child4_1,-0.2512206167275931,-22.21492542581911,0.026908798062801484,-0.4737279941702765,-0.02871323928490971,0.1135151284819567,0.17061135429643748,0.16745395381465655,2021/22
Child4_2,-0.2512584500232773,-22.217868235876836,0.04387773217548463,-0.4956219881683383,-0.006894911878216281,0.1246653425502151,0.17061135429643748,0.16745395381465655,2021/22
Child4_3,-0.17246446944637062,-15.841180962510748,0.29436703976390693,-0.49484313420642845,0.14991419531368722,0.16446580769892105,0.17061135429643748,0.16745395381465655,2021/22
WorkStat8_1,0.11569505944256499,12.26534773536898,0.10220903281701318,-0.023062956615347255,0.25445307550047724,0.07078926641330227,0.17061135429643748,0.16745395381465655,2021/22
WorkStat8_2,-0.274302108828245,-23.989759307728896,0.027025104733971413,-0.5174378657864349,-0.031166351870055148,0.12403897347977244,0.17061135429643748,0.16745395381465655,2021/22
WorkStat8_3,-0.02070004226198663,-2.048726706806425,0.8343000461251391,-0.21466002745713933,0.17325994293316607,0.09895129272941852,0.17061135429643748,0.16745395381465655,2021/22
WorkStat8_4,-0.38770608245819693,-32.13882301415833,0.0016447544115117169,-0.6290760076717551,-0.14633615724463875,0.12313811068738696,0.17061135429643748,0.16745395381465655,2021/22
WorkStat8_5,-1.1103603876749342,-67.05597865136777,2.8790768942819052e-11,-1.4372215631884886,-0.7834992121613797,0.16675262079228012,0.17061135429643748,0.16745395381465655,2021/22
WorkStat8_6,0.6320993265827836,88.15564374388143,2.7629604200322785e-05,0.33665646234298807,0.927542190822579,0.1507241471213541,0.17061135429643748,0.16745395381465655,2021/22
WorkStat8_7,0.036161007831019255,3.6822769637886887,0.8050978492691678,-0.251086275013507,0.32340829067554555,0.1465430611467645,0.17061135429643748,0.16745395381465655,2021/22
HHLiv9_1,0.050522411250039825,5.182043570164097,0.6405875660653788,-0.16158758611012441,0.26263240861020404,0.10821076532102318,0.17061135429643748,0.16745395381465655,2021/22
HHLiv9_2,-0.4699187736922484,-37.494696302886155,4.3182930006748134e-05,-0.6950627216014419,-0.2447748257830549,0.11486021033361225,0.17061135429643748,0.16745395381465655,2021/22
HHLiv9_3,0.010289243323032802,1.034235960625618,0.8691769921257949,-0.11216138208637688,0.13273986873244248,0.062469831948046985,0.17061135429643748,0.16745395381465655,2021/22
HHLiv9_4,-0.14934948266651257,-13.873193596360823,0.24662897647817952,-0.4020168714460284,0.10331790611300326,0.12890166353201232,0.17061135429643748,0.16745395381465655,2021/22
HHLiv9_5,-0.03825609464752939,-3.753357317325645,0.7011457410566025,-0.23364744325118758,0.15713525395612882,0.09968152200580611,0.17061135429643748,0.16745395381465655,2021/22
HHLiv9_6,-0.03246292596900695,-3.194166100911311,0.8796782731272617,-0.45281116112401487,0.38788530918600095,0.2144463004741306,0.17061135429643748,0.16745395381465655,2021/22
HHLiv9_7,-0.3053172527961086,-26.311044296840823,0.006649229073313296,-0.5257983986996198,-0.08483610689259746,0.11248141923533822,0.17061135429643748,0.16745395381465655,2021/22
HHLiv9_8,-0.24907901547834152,-22.048162306623354,0.04350184011940484,-0.4908906020631164,-0.00726742889356663,0.12336343017061217,0.17061135429643748,0.16745395381465655,2021/22
const,5.681957688147764,29252.34952865396,1.1109359269136015e-129,5.227610988880947,6.136304387414581,0.23179159887374529,0.17362824022239753,0.17055501085781866,2022/23
Disab2_POP,0.34921539763275616,41.795458151075124,1.151455103311665e-07,0.22016123609193486,0.4782695591735775,0.06583886378646418,0.17362824022239753,0.17055501085781866,2022/23
Educ6,-0.1693756017522887,-15.580823607510375,4.358860434357095e-19,-0.2065050721673546,-0.1322461313372228,0.018942141159452905,0.17362824022239753,0.17055501085781866,2022/23
NSSEC5,-0.2277904742407877,-20.37089141480134,1.2004121689516337e-10,-0.29707288363723316,-0.1585080648443422,0.03534543218591035,0.17362824022239753,0.17055501085781866,2022/23
Motiva_POP,-0.7290311885218317,-51.76239047168647,4.782344966167341e-225,-0.772748860324523,-0.6853135167191404,0.02230320823841305,0.17362824022239753,0.17055501085781866,2022/23
motivd_POP,0.08707523143711968,9.097875253043108,7.25820170756669e-05,0.04407150343158325,0.1300789594426561,0.021938979391773354,0.17362824022239753,0.17055501085781866,2022/23
Gend3_1,-0.0012555631736621653,-0.12547752840035287,0.97806912265179,-0.09078152953120702,0.08827040318388268,0.04567297818212193,0.17362824022239753,0.17055501085781866,2022/23
Gend3_2,0.1614310594410448,17.51914370110388,0.6435508570300132,-0.5223695119427934,0.8452316308248831,0.34885084013510376,0.17362824022239753,0.17055501085781866,2022/23
Age9_1,-0.21712400833424583,-19.516984253079894,0.06363908428596446,-0.446572774142591,0.012324757474099363,0.11705663620347148,0.17362824022239753,0.17055501085781866,2022/23
Age9_2,-0.2474084940586084,-21.917833263628506,0.042936982529328295,-0.48695001164568796,-0.007866976471528814,0.122205600806062,0.17362824022239753,0.17055501085781866,2022/23
Age9_3,-0.23484910114620025,-20.93098451349227,0.05966863320664096,-0.47926822862330953,0.009570026330909032,0.12469398467000735,0.17362824022239753,0.17055501085781866,2022/23
Age9_4,-0.3986736454441645,-32.8790282037654,0.0017335856915243453,-0.6480936333122513,-0.14925365757607773,0.1272452465755953,0.17362824022239753,0.17055501085781866,2022/23
Age9_5,-0.6727768444808834,-48.97103863203937,2.531740503776442e-06,-0.9529011900949337,-0.39265249886683307,0.14290952274578236,0.17362824022239753,0.17055501085781866,2022/23
Age9_6,-0.4413260601190883,-35.68170439320739,0.029680502969355867,-0.8391353947318222,-0.04351672550635444,0.20294823725050606,0.17362824022239753,0.17055501085781866,2022/23
Age9_7,-0.986934243096742,-62.72823971868702,0.0005549395899694305,-1.5470837871817964,-0.4267846990116876,0.2857684641296939,0.17362824022239753,0.17055501085781866,2022/23
Eth7_1,-0.1944272361314361,-17.669391698734195,0.0015476309364342018,-0.3147910575531223,-0.07406341470974989,0.06140535995729243,0.17362824022239753,0.17055501085781866,2022/23
Eth7_2,-0.8694144819440026,-58.08030752267983,9.132877547070955e-38,-1.0016483258604598,-0.7371806380275453,0.06746102515122965,0.17362824022239753,0.17055501085781866,2022/23
Eth7_3,-0.7911077224660236,-54.6657660451336,8.875516402968634e-17,-0.9772538534656567,-0.6049615914663904,0.09496516514413653,0.17362824022239753,0.17055501085781866,2022/23
Eth7_4,-0.9428988763730416,-61.05029067114691,1.5337190793115828e-13,-1.1929184995732287,-0.6928792531728545,0.12755115929069372,0.17362824022239753,0.17055501085781866,2022/23
Eth7_5,-0.36891745060131714,-30.85175104419342,0.0014733215534500816,-0.5962761820537741,-0.14155871914886023,0.11599037467712131,0.17362824022239753,0.17055501085781866,2022/23
Eth7_6,-0.6530396495879597,-47.953865019789674,2.718866923206595e-06,-0.9257911105633295,-0.38028818861258984,0.13914813805548043,0.17362824022239753,0.17055501085781866,2022/23
IMD10_1,0.30619988608347687,35.82537754431026,0.0970330177759864,-0.0554668100668711,0.6678665822338248,0.1845095428124677,0.17362824022239753,0.17055501085781866,2022/23
IMD10_2,0.45042646430697886,56.898115729564026,0.013544387404867849,0.09289890254511834,0.8079540260688394,0.1823979030021444,0.17362824022239753,0.17055501085781866,2022/23
IMD10_3,0.5232781433619064,68.75506250799049,0.0043788123010582,0.1633834885265712,0.8831727981972415,0.18360551007636558,0.17362824022239753,0.17055501085781866,2022/23
IMD10_4,0.49411065776619634,63.9039923255605,0.00735781406691279,0.13280366819807615,0.8554176473343165,0.1843260332503766,0.17362824022239753,0.17055501085781866,2022/23
IMD10_5,0.7038685054016723,102.15580083872618,0.00014525207494066293,0.34081246567730145,1.0669245451260432,0.18521833671132823,0.17362824022239753,0.17055501085781866,2022/23
IMD10_6,0.8482096430437173,133.5461796398928,5.886215767143375e-06,0.48137700703611547,1.2150422790513191,0.18714502241676714,0.17362824022239753,0.17055501085781866,2022/23
IMD10_7,0.6801343604345018,97.41429611179389,0.0002941951071891761,0.3119955395999047,1.0482731812690989,0.187811391667303,0.17362824022239753,0.17055501085781866,2022/23
IMD10_8,0.5719603876554706,77.17369403854082,0.0023632687195201574,0.20328145213868432,0.940639323172257,0.18808693905426951,0.17362824022239753,0.17055501085781866,2022/23
IMD10_9,0.4343857137548317,54.40143008292979,0.027366090821485223,0.04849979218469469,0.8202716353249687,0.19686533408947185,0.17362824022239753,0.17055501085781866,2022/23
Child4_1,-0.14159654061351326,-13.202862294927654,0.20166086927348995,-0.3589593819978732,0.07576630077084667,0.11089082548970718,0.17362824022239753,0.17055501085781866,2022/23
Child4_2,-0.3632888625836482,-30.461446637761046,0.003030525787463498,-0.6034418373093373,-0.12313588785795898,0.12251754458826578,0.17362824022239753,0.17055501085781866,2022/23
Child4_3,-0.17340455820491724,-15.920260545482968,0.2853424858022087,-0.4915312094053094,0.14472209299547495,0.1622969535050712,0.17362824022239753,0.17055501085781866,2022/23
WorkStat8_1,0.08386242088461691,8.747926908060567,0.2319660986211737,-0.05365439732010173,0.22137923908933554,0.07015621157838108,0.17362824022239753,0.17055501085781866,2022/23
WorkStat8_2,-0.29396253658590327,-25.46955874318888,0.015700125864180115,-0.5324467525052332,-0.05547832066657332,0.12166620293114612,0.17362824022239753,0.17055501085781866,2022/23
WorkStat8_3,0.15378645233112212,16.624181196442024,0.1032713849996648,-0.03122680403638714,0.3387997086986314,0.09438721261861525,0.17362824022239753,0.17055501085781866,2022/23
WorkStat8_4,-0.43760301472754015,-35.441798145344016,0.0009471499452970798,-0.6970177009137583,-0.17818832854132205,0.13234418777437335,0.17362824022239753,0.17055501085781866,2022/23
WorkStat8_5,-1.0525095389021144,-65.09393322883055,1.1861378902097461e-10,-1.3725396404538228,-0.732479437350406,0.1632680264786844,0.17362824022239753,0.17055501085781866,2022/23
WorkStat8_6,0.6083031260742157,83.73110668824886,6.495251706339608e-05,0.30986800719614765,0.9067382449522836,0.15225103093397946,0.17362824022239753,0.17055501085781866,2022/23
WorkStat8_7,0.1447006439746042,15.569355465057999,0.3187471269440422,-0.1397665968161514,0.4291678847653598,0.14512511409567888,0.17362824022239753,0.17055501085781866,2022/23
HHLiv9_1,0.32707429434155627,38.690451251034204,0.001945137886035092,0.12020509643010757,0.533943492253005,0.1055373401391539,0.17362824022239753,0.17055501085781866,2022/23
HHLiv9_2,-0.10240920000953273,-9.733989243885311,0.36674984196155175,-0.32480586338150186,0.11998746336243642,0.11345890323482258,0.17362824022239753,0.17055501085781866,2022/23
HHLiv9_3,0.06858563170069236,7.099233191922227,0.2696850163591238,-0.05320615908802717,0.1903774224894119,0.06213385936812013,0.17362824022239753,0.17055501085781866,2022/23
HHLiv9_4,-0.05803170017872669,-5.637996596105809,0.6465142515072622,-0.3060598985802331,0.1899964982227797,0.1265352048689539,0.17362824022239753,0.17055501085781866,2022/23
HHLiv9_5,0.17722323393913203,19.38975818414841,0.0729100366524227,-0.016462906126964744,0.37090937400522883,0.0988118108001046,0.17362824022239753,0.17055501085781866,2022/23
HHLiv9_6,0.21290695380529104,23.726952266663236,0.2773244468208633,-0.17123459261624982,0.5970485002268319,0.19597541565189716,0.17362824022239753,0.17055501085781866,2022/23
HHLiv9_7,0.014924229151583491,1.503615155149518,0.8944902196475802,-0.20564683126006872,0.23549528956323568,0.112527545243748,0.17362824022239753,0.17055501085781866,2022/23
HHLiv9_8,-0.28214328670327354,-24.583438511387723,0.026805218642078774,-0.5318693489717405,-0.032417224434806546,0.127401394897467,0.17362824022239753,0.17055501085781866,2022/23
