LCA_Class,t,MEMS_actual,MEMS_sarima,period
0,0,586.2912621359224,,train
0,1,724.9629629629629,,train
0,2,533.3422330097087,,train
0,3,846.2420212765958,,train
0,4,373.9512987012987,,train
0,5,624.7469135802469,,train
0,6,904.95,,train
0,7,599.9871794871794,,train
0,8,490.6714285714286,,train
0,9,603.1447368421053,,train
0,10,490.4775641025641,,train
0,11,558.610655737705,,train
0,12,461.7647058823529,,train
0,13,683.125,,train
0,14,627.6037735849056,,train
0,15,675.9722222222222,,train
0,16,347.44444444444446,,train
0,17,667.2348484848485,,train
0,18,474.28819444444446,,train
0,19,431.7543859649123,,train
0,20,556.9314516129032,,train
0,21,662.900641025641,,train
0,22,913.0737704918033,,train
0,23,517.859375,,train
0,24,794.2708333333334,,train
0,25,728.0185185185185,,train
0,26,554.6188524590164,,train
0,27,586.575,,train
0,28,586.575,651.4187747769529,forecast
0,29,,778.5861157427607,forecast
0,30,,938.2246158497785,forecast
0,31,,622.4754367483724,forecast
0,32,,858.6627741880884,forecast
0,33,,828.85453219445,forecast
0,34,,717.0545496864668,forecast
0,35,,684.5607590646196,forecast
0,36,,781.1550007314078,forecast
0,37,,879.2031859041319,forecast
0,38,,988.3810864383918,forecast
0,39,,725.2763929533489,forecast
0,40,,935.5187442739162,forecast
0,41,,929.4711733733482,forecast
0,42,,858.7272537091038,forecast
0,43,,783.3864462199396,forecast
1,0,502.182119205298,,train
1,1,572.9385593220339,,train
1,2,634.9565217391304,,train
1,3,547.9653284671533,,train
1,4,459.3288288288288,,train
1,5,727.8925438596491,,train
1,6,670.3194444444445,,train
1,7,516.75,,train
1,8,550.2345360824743,,train
1,9,703.2783505154639,,train
1,10,735.5597345132743,,train
1,11,502.3132183908046,,train
1,12,398.2964285714286,,train
1,13,552.4258474576271,,train
1,14,811.0375,,train
1,15,380.3611111111111,,train
1,16,611.0106382978723,,train
1,17,626.2446808510638,,train
1,18,911.0591397849462,,train
1,19,482.67857142857144,,train
1,20,544.9975490196078,,train
1,21,725.558962264151,,train
1,22,613.6757425742575,,train
1,23,508.06666666666666,,train
1,24,565.3983516483516,,train
1,25,521.9184782608696,,train
1,26,655.6675,,train
1,27,635.1875,,train
1,28,635.1875,504.19644026237916,forecast
1,29,,652.8829057420314,forecast
1,30,,730.1302961537308,forecast
1,31,,531.0142072466247,forecast
1,32,,534.3727225994221,forecast
1,33,,653.6892289527656,forecast
1,34,,738.0469708460779,forecast
1,35,,531.4502120088619,forecast
1,36,,539.3315317428176,forecast
1,37,,657.6417340100671,forecast
1,38,,742.2442600048764,forecast
1,39,,535.4176879869647,forecast
1,40,,543.4348849962477,forecast
1,41,,661.7147943640238,forecast
1,42,,746.3246930737542,forecast
1,43,,539.4912930015244,forecast
2,0,658.2345679012345,,train
2,1,771.2603092783505,,train
2,2,663.868501529052,,train
2,3,688.559375,,train
2,4,790.2399598393574,,train
2,5,784.0450680272108,,train
2,6,848.1129032258065,,train
2,7,720.925,,train
2,8,639.2954545454545,,train
2,9,800.301724137931,,train
2,10,863.3363363363363,,train
2,11,728.8859223300971,,train
2,12,601.1173708920188,,train
2,13,672.6515957446809,,train
2,14,843.9447115384615,,train
2,15,652.7074074074075,,train
2,16,510.3400621118012,,train
2,17,696.1707089552239,,train
2,18,730.45703125,,train
2,19,628.4651162790698,,train
2,20,732.5355960264901,,train
2,21,793.3165064102565,,train
2,22,914.8726708074535,,train
2,23,652.1072916666667,,train
2,24,649.6448275862069,,train
2,25,763.8994932432432,,train
2,26,952.4078125,,train
2,27,647.6484899328859,,train
2,28,647.6484899328859,738.5602811707764,forecast
2,29,,766.2234277802274,forecast
2,30,,1016.006157764677,forecast
2,31,,655.0159131432388,forecast
2,32,,662.6787350411072,forecast
2,33,,781.3731752347802,forecast
2,34,,971.837888373874,forecast
2,35,,667.9327873194309,forecast
2,36,,759.2161789876869,forecast
2,37,,787.0504661887325,forecast
2,38,,1036.902216662144,forecast
2,39,,675.9474440087004,forecast
2,40,,683.6294765266956,forecast
2,41,,802.3244462653195,forecast
2,42,,992.795547229666,forecast
2,43,,688.8880987656524,forecast
3,0,522.908,,train
3,1,634.7735849056604,,train
3,2,671.2557339449542,,train
3,3,501.3240291262136,,train
3,4,548.9626288659794,,train
3,5,660.5533980582525,,train
3,6,613.9450261780105,,train
3,7,530.3112745098039,,train
3,8,611.6286407766991,,train
3,9,615.4602803738318,,train
3,10,647.0551470588235,,train
3,11,546.4791666666666,,train
3,12,603.8732876712329,,train
3,13,655.5236111111111,,train
3,14,662.8318965517242,,train
3,15,514.5285087719299,,train
3,16,506.38646788990826,,train
3,17,576.3954802259886,,train
3,18,768.5934210526316,,train
3,19,550.8300561797753,,train
3,20,571.2526041666666,,train
3,21,655.1191176470588,,train
3,22,647.8894230769231,,train
3,23,507.8670212765957,,train
3,24,483.8118131868132,,train
3,25,712.5489949748744,,train
3,26,779.1163793103449,,train
3,27,585.0364583333334,,train
3,28,585.0364583333334,553.4875288165824,forecast
3,29,,685.446859048697,forecast
3,30,,715.8004736588558,forecast
3,31,,551.5465335075507,forecast
3,32,,527.2698763734061,forecast
3,33,,711.5545865135466,forecast
3,34,,761.3864094601837,forecast
3,35,,581.1390120885003,forecast
3,36,,552.9620100325557,forecast
3,37,,709.1772176170862,forecast
3,38,,748.5600969185969,forecast
3,39,,576.8922859992849,forecast
3,40,,550.8075985010738,forecast
3,41,,722.0805059385659,forecast
3,42,,767.0686522624654,forecast
3,43,,590.7983786820228,forecast
4,0,518.4080882352941,,train
4,1,660.844262295082,,train
4,2,658.7106299212599,,train
4,3,603.8552631578947,,train
4,4,523.625,,train
4,5,643.2478632478633,,train
4,6,708.40625,,train
4,7,694.4590517241379,,train
4,8,413.4917355371901,,train
4,9,655.3446428571428,,train
4,10,639.0934579439253,,train
4,11,527.8617647058824,,train
4,12,494.11267605633805,,train
4,13,583.1528925619834,,train
4,14,779.2816901408451,,train
4,15,458.02830188679246,,train
4,16,412.78483606557376,,train
4,17,498.00219298245617,,train
4,18,530.8848039215686,,train
4,19,420.3700980392157,,train
4,20,570.7283653846154,,train
4,21,547.9725,,train
4,22,829.4690082644628,,train
4,23,631.0901162790698,,train
4,24,476.2228260869565,,train
4,25,615.6177884615385,,train
4,26,611.7175925925926,,train
4,27,668.075,,train
4,28,668.075,637.6696996635235,forecast
4,29,,714.4799091237561,forecast
4,30,,910.9064091217721,forecast
4,31,,798.0587669609138,forecast
4,32,,613.298934569309,forecast
4,33,,770.4539158401014,forecast
4,34,,771.3489724219079,forecast
4,35,,819.9834023961863,forecast
4,36,,771.2931185433133,forecast
4,37,,857.8310355715004,forecast
4,38,,1035.1662041140248,forecast
4,39,,937.7262726254652,forecast
4,40,,764.8254453065817,forecast
4,41,,915.848600812797,forecast
4,42,,932.5619025698925,forecast
4,43,,968.0624642978863,forecast
5,0,646.266975308642,,train
5,1,655.8407534246576,,train
5,2,764.2949101796407,,train
5,3,530.7428571428571,,train
5,4,455.48809523809524,,train
5,5,766.161858974359,,train
5,6,881.6298701298701,,train
5,7,728.7916666666666,,train
5,8,548.6421232876712,,train
5,9,819.6390625,,train
5,10,732.2455882352941,,train
5,11,520.5704545454546,,train
5,12,575.1808035714286,,train
5,13,678.2481343283582,,train
5,14,821.1755319148937,,train
5,15,597.0376712328767,,train
5,16,534.0307692307692,,train
5,17,913.8894230769231,,train
5,18,781.1281512605042,,train
5,19,629.6702586206897,,train
5,20,825.4292168674699,,train
5,21,723.6368243243244,,train
5,22,758.7086206896552,,train
5,23,585.1608527131783,,train
5,24,775.2230215827338,,train
5,25,815.7883064516129,,train
5,26,908.1830985915493,,train
5,27,589.0170454545455,,train
5,28,589.0170454545455,776.0146489416778,forecast
5,29,,811.9818051358213,forecast
5,30,,833.740017846058,forecast
5,31,,630.1949179205722,forecast
5,32,,797.0458993189092,forecast
5,33,,836.9053501733408,forecast
5,34,,889.5640453934632,forecast
5,35,,635.1875230280851,forecast
5,36,,810.8969703253249,forecast
5,37,,849.0448491378058,forecast
5,38,,888.1147091882721,forecast
5,39,,656.0918627479382,forecast
5,40,,827.905702509669,forecast
5,41,,866.8062638920051,forecast
5,42,,911.8519631369303,forecast
5,43,,669.9988427197127,forecast
6,0,565.1679104477612,,train
6,1,661.2686567164179,,train
6,2,690.4473684210526,,train
6,3,600.4423076923077,,train
6,4,614.7392857142858,,train
6,5,673.4850746268656,,train
6,6,927.7692307692307,,train
6,7,806.0595238095239,,train
6,8,557.116935483871,,train
6,9,535.6232876712329,,train
6,10,690.9011627906976,,train
6,11,383.37280701754383,,train
6,12,413.46590909090907,,train
6,13,516.6360759493671,,train
6,14,708.59375,,train
6,15,1268.05,,train
6,16,508.98333333333335,,train
6,17,714.6342592592592,,train
6,18,559.7129629629629,,train
6,19,565.1009615384615,,train
6,20,697.6179245283018,,train
6,21,944.4767441860465,,train
6,22,804.0,,train
6,23,753.324074074074,,train
6,24,536.2329545454545,,train
6,25,824.3306451612904,,train
6,26,556.2822580645161,,train
6,27,829.9423076923077,,train
6,28,829.9423076923077,629.3722654980202,forecast
6,29,,813.5678976805788,forecast
6,30,,745.9089864298367,forecast
6,31,,786.9143611875334,forecast
6,32,,606.4189004473477,forecast
6,33,,833.4306464731867,forecast
6,34,,689.5893289168018,forecast
6,35,,819.5165604616593,forecast
6,36,,631.3574483607449,forecast
6,37,,842.0133181576126,forecast
6,38,,727.2750590706397,forecast
6,39,,823.2326248084182,forecast
6,40,,638.0011599860512,forecast
6,41,,854.9052551454165,forecast
6,42,,729.0491285857436,forecast
6,43,,837.9836892832045,forecast
7,0,552.3116740088105,,train
7,1,828.8983516483516,,train
7,2,907.6206140350877,,train
7,3,739.7272727272727,,train
7,4,629.9626865671642,,train
7,5,902.4398395721926,,train
7,6,884.4357541899441,,train
7,7,728.8495145631068,,train
7,8,737.3197969543147,,train
7,9,726.0189189189189,,train
7,10,876.85,,train
7,11,692.0539568345324,,train
7,12,588.0523255813954,,train
7,13,747.5815217391304,,train
7,14,967.6186131386861,,train
7,15,696.2156862745098,,train
7,16,697.5336134453781,,train
7,17,898.7758620689655,,train
7,18,1026.9733333333334,,train
7,19,837.5322966507177,,train
7,20,746.3967889908257,,train
7,21,832.3735795454545,,train
7,22,919.2873134328358,,train
7,23,932.8961038961039,,train
7,24,812.2350917431193,,train
7,25,979.7255434782609,,train
7,26,1072.4657676348547,,train
7,27,779.7148876404494,,train
7,28,779.7148876404494,781.3259290047336,forecast
7,29,,944.2241029269444,forecast
7,30,,1051.82921006484,forecast
7,31,,887.835249213244,forecast
7,32,,812.8289272492385,forecast
7,33,,975.6436871489318,forecast
7,34,,1081.577575071715,forecast
7,35,,903.1569866013791,forecast
7,36,,836.735259338051,forecast
7,37,,999.559365360002,forecast
7,38,,1105.6805050994592,forecast
7,39,,928.8763486365634,forecast
7,40,,861.4927601530112,forecast
7,41,,1024.3158189883595,forecast
7,42,,1130.4159780913214,forecast
7,43,,953.4307084463483,forecast
8,0,898.2536231884058,,train
8,1,1065.8538961038962,,train
8,2,1098.876811594203,,train
8,3,895.515873015873,,train
8,4,999.296875,,train
8,5,1035.9958333333334,,train
8,6,794.0376712328767,,train
8,7,1080.8818181818183,,train
8,8,865.7838983050848,,train
8,9,1161.423076923077,,train
8,10,1111.7121212121212,,train
8,11,905.3395522388059,,train
8,12,773.8068181818181,,train
8,13,757.860655737705,,train
8,14,873.4318181818181,,train
8,15,772.8359375,,train
8,16,728.6046511627907,,train
8,17,894.7201492537314,,train
8,18,766.1065573770492,,train
8,19,643.9554794520548,,train
8,20,795.8472222222222,,train
8,21,1081.9414893617022,,train
8,22,1451.7545454545455,,train
8,23,1259.75,,train
8,24,950.5612244897959,,train
8,25,964.6383928571429,,train
8,26,910.1822033898305,,train
8,27,990.9722222222222,,train
8,28,990.9722222222222,1027.3570050986204,forecast
8,29,,1225.7884104321988,forecast
8,30,,1302.8086684349691,forecast
8,31,,1163.7741941318434,forecast
8,32,,1045.514512822619,forecast
8,33,,1161.4414957922563,forecast
8,34,,1179.6183100618514,forecast
8,35,,1138.9353399536874,forecast
8,36,,1089.8613783663068,forecast
8,37,,1242.6939331591973,forecast
8,38,,1287.1888641287974,forecast
8,39,,1202.4847538593363,forecast
8,40,,1122.4403340843974,forecast
8,41,,1258.7466818505927,forecast
8,42,,1291.4529322503315,forecast
8,43,,1226.4345186367443,forecast
9,0,717.2359550561798,,train
9,1,854.4671717171717,,train
9,2,802.1014150943396,,train
9,3,939.5451388888889,,train
9,4,625.6781609195402,,train
9,5,1038.7954545454545,,train
9,6,908.275641025641,,train
9,7,619.2764705882353,,train
9,8,791.2325581395348,,train
9,9,800.5913461538462,,train
9,10,853.7942708333334,,train
9,11,787.195652173913,,train
9,12,500.50333333333333,,train
9,13,597.4602803738318,,train
9,14,797.3076923076923,,train
9,15,800.7333333333333,,train
9,16,506.27100840336135,,train
9,17,1078.75,,train
9,18,570.15625,,train
9,19,697.3714285714286,,train
9,20,824.5252808988764,,train
9,21,675.3409090909091,,train
9,22,922.2574626865671,,train
9,23,1039.8235294117646,,train
9,24,1072.5028735632184,,train
9,25,1006.1267605633802,,train
9,26,995.1335616438356,,train
9,27,606.2629310344828,,train
9,28,606.2629310344828,738.6670894775021,forecast
9,29,,897.1901683759097,forecast
9,30,,876.4963708990282,forecast
9,31,,927.2070313964919,forecast
9,32,,809.5068560365029,forecast
9,33,,951.0321561589892,forecast
9,34,,922.3118578090051,forecast
9,35,,846.4330891787553,forecast
9,36,,801.5946542395229,forecast
9,37,,948.2270164326883,forecast
9,38,,921.8358633660702,forecast
9,39,,883.1126290514006,forecast
9,40,,816.8904573842544,forecast
9,41,,962.024358804853,forecast
9,42,,934.9496170354406,forecast
9,43,,885.3225132246936,forecast
10,0,1037.026717557252,,train
10,1,1227.2854330708662,,train
10,2,1002.9076433121019,,train
10,3,1001.109022556391,,train
10,4,1115.083904109589,,train
10,5,1335.0862068965516,,train
10,6,1300.7565217391304,,train
10,7,1119.2379032258063,,train
10,8,1296.9797297297298,,train
10,9,1287.7174796747968,,train
10,10,1212.1897163120568,,train
10,11,921.4765625,,train
10,12,1207.225663716814,,train
10,13,1079.0340314136126,,train
10,14,1212.9386363636363,,train
10,15,1072.2977528089887,,train
10,16,713.7857142857143,,train
10,17,969.1702586206897,,train
10,18,1195.6029411764705,,train
10,19,886.1145161290323,,train
10,20,1129.613475177305,,train
10,21,1189.4440789473683,,train
10,22,1378.9329268292684,,train
10,23,1037.2735042735044,,train
10,24,1074.9640287769785,,train
10,25,1256.8980891719746,,train
10,26,1332.5574324324325,,train
10,27,1040.7969798657718,,train
10,28,1040.7969798657718,1135.2988120770888,forecast
10,29,,1247.0728737948382,forecast
10,30,,1348.7838777317381,forecast
10,31,,1081.3986667528084,forecast
10,32,,1156.0439423717205,forecast
10,33,,1274.7050011967167,forecast
10,34,,1374.2374736233278,forecast
10,35,,1104.9317279100815,forecast
10,36,,1181.1487768439067,forecast
10,37,,1299.2644608208816,forecast
10,38,,1398.969466324072,forecast
10,39,,1129.8158274097095,forecast
10,40,,1205.9083919417837,forecast
10,41,,1324.067269578502,forecast
10,42,,1423.7586104719242,forecast
10,43,,1154.592924708169,forecast
11,0,865.0067567567568,,train
11,1,936.6162420382166,,train
11,2,1092.169642857143,,train
11,3,764.398773006135,,train
11,4,793.689024390244,,train
11,5,989.2796610169491,,train
11,6,1118.0307262569831,,train
11,7,887.8023648648649,,train
11,8,986.6048850574713,,train
11,9,980.48828125,,train
11,10,1101.0442857142857,,train
11,11,961.7222222222222,,train
11,12,992.4915540540541,,train
11,13,800.1901408450705,,train
11,14,992.900826446281,,train
11,15,1009.7233009708738,,train
11,16,604.0640625,,train
11,17,797.2585616438356,,train
11,18,962.6939102564103,,train
11,19,840.1433566433567,,train
11,20,953.1909937888199,,train
11,21,1221.2043918918919,,train
11,22,1116.309451219512,,train
11,23,821.133064516129,,train
11,24,1007.7158385093168,,train
11,25,1096.9541139240507,,train
11,26,1140.2736486486488,,train
11,27,973.2278911564625,,train
11,28,973.2278911564625,980.1962303727757,forecast
11,29,,1057.1842835062916,forecast
11,30,,1144.095054239857,forecast
11,31,,962.3662952923937,forecast
11,32,,975.4611705210145,forecast
11,33,,1060.0458795505542,forecast
11,34,,1157.0075421721276,forecast
11,35,,973.4152283529243,forecast
11,36,,987.7397714033972,forecast
11,37,,1073.6787096335022,forecast
11,38,,1172.383662891655,forecast
11,39,,988.4734698291813,forecast
11,40,,1003.010651509883,forecast
11,41,,1089.183079731724,forecast
11,42,,1188.188382999087,forecast
11,43,,1004.2234477797401,forecast
12,0,633.217791411043,,train
12,1,666.6369863013699,,train
12,2,820.5698051948052,,train
12,3,784.1935483870968,,train
12,4,722.443359375,,train
12,5,706.6285046728972,,train
12,6,810.5259259259259,,train
12,7,853.408203125,,train
12,8,757.2136752136752,,train
12,9,975.0427927927927,,train
12,10,765.6544117647059,,train
12,11,574.1546391752578,,train
12,12,747.2016129032259,,train
12,13,837.5342465753424,,train
12,14,940.8275862068965,,train
12,15,580.2366071428571,,train
12,16,646.6921875,,train
12,17,873.2331932773109,,train
12,18,934.5157342657343,,train
12,19,752.893581081081,,train
12,20,633.6905594405595,,train
12,21,921.2764227642276,,train
12,22,821.1914893617021,,train
12,23,741.3376288659794,,train
12,24,741.8733552631579,,train
12,25,837.572695035461,,train
12,26,950.7758064516129,,train
12,27,748.9875,,train
12,28,748.9875,750.626267868158,forecast
12,29,,867.5740791020613,forecast
12,30,,931.163149527246,forecast
12,31,,771.5644750268789,forecast
12,32,,762.2159951180533,forecast
12,33,,885.5839143382153,forecast
12,34,,934.5570959822677,forecast
12,35,,787.3852133408219,forecast
12,36,,774.8004904677244,forecast
12,37,,900.0594225039125,forecast
12,38,,944.7275624002978,forecast
12,39,,801.2159332365685,forecast
12,40,,787.6779901197277,forecast
12,41,,913.4939111450968,forecast
12,42,,956.8940211100646,forecast
12,43,,814.4605025056196,forecast
13,0,546.550925925926,,train
13,1,593.0758928571429,,train
13,2,576.5817307692307,,train
13,3,395.4947916666667,,train
13,4,299.15277777777777,,train
13,5,912.7403846153846,,train
13,6,729.6372549019608,,train
13,7,279.91509433962267,,train
13,8,498.0108695652174,,train
13,9,488.7708333333333,,train
13,10,703.875,,train
13,11,676.2867647058823,,train
13,12,511.4102564102564,,train
13,13,394.077868852459,,train
13,14,693.625,,train
13,15,731.1590909090909,,train
13,16,464.2668539325843,,train
13,17,635.311320754717,,train
13,18,496.7435064935065,,train
13,19,928.5060975609756,,train
13,20,534.6822033898305,,train
13,21,507.7708333333333,,train
13,22,641.8163265306123,,train
13,23,577.8076923076923,,train
13,24,663.0163043478261,,train
13,25,231.81521739130434,,train
13,26,526.65,,train
13,27,462.4423076923077,,train
13,28,462.4423076923077,592.239794242641,forecast
13,29,,297.6291495289106,forecast
13,30,,522.4863339345488,forecast
13,31,,449.4427411345568,forecast
13,32,,529.1666144757628,forecast
13,33,,338.44005207947583,forecast
13,34,,514.9938985088065,forecast
13,35,,438.636064100397,forecast
13,36,,487.9639677906027,forecast
13,37,,359.27763766505035,forecast
13,38,,507.0132181428027,forecast
13,39,,428.69603741867326,forecast
13,40,,459.9162820851907,forecast
13,41,,368.1814277773261,forecast
13,42,,498.75291811857943,forecast
13,43,,419.2688894943041,forecast
14,0,447.99242424242425,,train
14,1,314.5703125,,train
14,2,492.9710144927536,,train
14,3,475.3939393939394,,train
14,4,484.4836065573771,,train
14,5,342.6953125,,train
14,6,426.7723880597015,,train
14,7,295.1630434782609,,train
14,8,475.780701754386,,train
14,9,453.22222222222223,,train
14,10,565.9855072463768,,train
14,11,243.36805555555554,,train
14,12,394.33962264150944,,train
14,13,418.57142857142856,,train
14,14,719.375,,train
14,15,483.48214285714283,,train
14,16,334.93055555555554,,train
14,17,528.172619047619,,train
14,18,278.83223684210526,,train
14,19,257.94871794871796,,train
14,20,296.34294871794873,,train
14,21,348.06140350877195,,train
14,22,345.59090909090907,,train
14,23,401.984126984127,,train
14,24,319.61038961038963,,train
14,25,340.92857142857144,,train
14,26,482.7083333333333,,train
14,27,228.65384615384616,,train
14,28,228.65384615384616,321.6819091175913,forecast
14,29,,328.16712875388595,forecast
14,30,,414.29745579830114,forecast
14,31,,274.5874917617401,forecast
14,32,,313.94757064868725,forecast
14,33,,313.4393163414427,forecast
14,34,,395.6091882948152,forecast
14,35,,262.79709736144645,forecast
14,36,,298.8888304415282,forecast
14,37,,297.9548622756193,forecast
14,38,,379.8838803240368,forecast
14,39,,247.49119635480787,forecast
14,40,,283.3842038002842,forecast
14,41,,282.4243509167233,forecast
14,42,,364.33872432225706,forecast
14,43,,231.97154155287637,forecast
15,0,727.3145933014354,,train
15,1,766.9895287958116,,train
15,2,939.8150684931506,,train
15,3,759.1306306306307,,train
15,4,660.1321989528795,,train
15,5,965.066265060241,,train
15,6,906.8400473933649,,train
15,7,660.7028571428572,,train
15,8,758.3337104072398,,train
15,9,772.2932692307693,,train
15,10,899.505376344086,,train
15,11,603.8673469387755,,train
15,12,677.5898692810457,,train
15,13,771.2393048128342,,train
15,14,892.9892086330935,,train
15,15,980.7826086956521,,train
15,16,658.690594059406,,train
15,17,861.7181818181818,,train
15,18,975.2902298850574,,train
15,19,734.3452380952381,,train
15,20,654.0218023255813,,train
15,21,938.2081005586592,,train
15,22,1005.6742021276596,,train
15,23,810.7321428571429,,train
15,24,802.7334337349398,,train
15,25,930.4465408805031,,train
15,26,934.3128140703518,,train
15,27,842.7892156862745,,train
15,28,842.7892156862745,752.2797512817822,forecast
15,29,,921.4153581825769,forecast
15,30,,1013.3908742825074,forecast
15,31,,828.1161201832416,forecast
15,32,,784.120814055964,forecast
15,33,,937.9842547057003,forecast
15,34,,1013.1444976417357,forecast
15,35,,847.0257873519655,forecast
15,36,,793.4340810181834,forecast
15,37,,950.4562284947534,forecast
15,38,,1029.1177196632343,forecast
15,39,,859.0140139126137,forecast
15,40,,807.4183801728324,forecast
15,41,,963.7835306299094,forecast
15,42,,1041.7168398907706,forecast
15,43,,872.4419343618189,forecast
16,0,525.3981481481482,,train
16,1,583.8063063063063,,train
16,2,551.318359375,,train
16,3,620.4446721311475,,train
16,4,464.61842105263156,,train
16,5,891.7549504950495,,train
16,6,700.7029411764706,,train
16,7,535.5717821782179,,train
16,8,577.7938144329897,,train
16,9,603.9166666666666,,train
16,10,728.0792079207921,,train
16,11,681.4266666666666,,train
16,12,424.51875,,train
16,13,455.9731182795699,,train
16,14,498.95,,train
16,15,584.2727272727273,,train
16,16,425.14948453608247,,train
16,17,463.36479591836735,,train
16,18,484.7204301075269,,train
16,19,521.3591549295775,,train
16,20,475.5817757009346,,train
16,21,518.4036144578313,,train
16,22,680.0747422680413,,train
16,23,583.0,,train
16,24,525.4705882352941,,train
16,25,675.2142857142857,,train
16,26,620.3873626373627,,train
16,27,373.20588235294116,,train
16,28,373.20588235294116,385.89848866400496,forecast
16,29,,529.9716520286624,forecast
16,30,,545.0654510391956,forecast
16,31,,484.48955429726107,forecast
16,32,,402.8756318778205,forecast
16,33,,518.8093939384156,forecast
16,34,,529.5194247343602,forecast
16,35,,476.1429017546453,forecast
16,36,,389.1084547670812,forecast
16,37,,503.4336780813894,forecast
16,38,,513.869582459364,forecast
16,39,,460.8430512365022,forecast
16,40,,373.52973511077073,forecast
16,41,,487.7722552892611,forecast
16,42,,498.1939285720146,forecast
16,43,,445.18503429304974,forecast
17,0,503.7429775280899,,train
17,1,736.1520467836257,,train
17,2,722.8979057591623,,train
17,3,563.9237012987013,,train
17,4,559.4199438202247,,train
17,5,686.23046875,,train
17,6,789.7985714285714,,train
17,7,521.3421875,,train
17,8,655.4588068181819,,train
17,9,710.4748603351956,,train
17,10,687.6666666666666,,train
17,11,547.8629032258065,,train
17,12,573.5505780346821,,train
17,13,611.12,,train
17,14,620.512987012987,,train
17,15,631.8673913043478,,train
17,16,381.9069264069264,,train
17,17,652.4081081081081,,train
17,18,638.6627218934912,,train
17,19,605.7326732673267,,train
17,20,582.1595477386935,,train
17,21,646.7107329842931,,train
17,22,736.4234234234234,,train
17,23,669.1842105263158,,train
17,24,639.8997395833334,,train
17,25,852.1826424870467,,train
17,26,802.7104591836735,,train
17,27,635.6950867052024,,train
17,28,635.6950867052024,681.1123157845369,forecast
17,29,,813.5978342650693,forecast
17,30,,822.2407773189226,forecast
17,31,,687.4479314482878,forecast
17,32,,684.125347788962,forecast
17,33,,825.0336158546505,forecast
17,34,,836.2182440684772,forecast
17,35,,713.8601148301311,forecast
17,36,,696.9052565843793,forecast
17,37,,840.6377751682542,forecast
17,38,,852.0990081720382,forecast
17,39,,732.8596606027141,forecast
17,40,,712.5796032164284,forecast
17,41,,857.0127459394034,forecast
17,42,,868.5305741230662,forecast
17,43,,750.0429702496655,forecast
18,0,137.35294117647058,,train
18,1,377.625,,train
18,2,713.8125,,train
18,3,351.375,,train
18,4,295.80882352941177,,train
18,5,365.4326923076923,,train
18,6,457.3557692307692,,train
18,7,611.9047619047619,,train
18,8,533.8392857142857,,train
18,9,566.25,,train
18,10,717.2894736842105,,train
18,11,436.61764705882354,,train
18,12,523.3875,,train
18,13,539.2380952380952,,train
18,14,390.0,,train
18,15,1514.4,,train
18,16,198.33333333333334,,train
18,17,609.9625,,train
18,18,550.5,,train
18,19,479.0952380952381,,train
18,20,577.0833333333334,,train
18,21,620.0104166666666,,train
18,22,700.8611111111111,,train
18,23,620.8,,train
18,24,691.4583333333334,,train
18,25,1035.0892857142858,,train
18,26,820.9615384615385,,train
18,27,415.6730769230769,,train
18,28,415.6730769230769,751.4512393061315,forecast
18,29,,711.9164829789477,forecast
18,30,,824.4971811152453,forecast
18,31,,862.6311977659338,forecast
18,32,,680.5461007337806,forecast
18,33,,831.5156040957186,forecast
18,34,,865.7555260592551,forecast
18,35,,881.2010200433677,forecast
18,36,,739.1005492308423,forecast
18,37,,875.1081456577823,forecast
18,38,,915.6505987838433,forecast
18,39,,933.230245519737,forecast
18,40,,787.6021015271227,forecast
18,41,,924.9268226364751,forecast
18,42,,964.9161407004513,forecast
18,43,,982.3118851775859,forecast
19,0,377.1569343065693,,train
19,1,615.5448717948718,,train
19,2,628.4444444444445,,train
19,3,447.3434579439252,,train
19,4,453.2729007633588,,train
19,5,615.7769784172662,,train
19,6,492.14102564102564,,train
19,7,460.4522900763359,,train
19,8,536.6370370370371,,train
19,9,527.2738095238095,,train
19,10,668.1228813559322,,train
19,11,454.4322916666667,,train
19,12,400.64814814814815,,train
19,13,563.9146341463414,,train
19,14,729.5121951219512,,train
19,15,456.2962962962963,,train
19,16,449.4859375,,train
19,17,694.7950450450451,,train
19,18,667.3508064516129,,train
19,19,722.7805755395683,,train
19,20,547.3922413793103,,train
19,21,453.0208333333333,,train
19,22,730.233870967742,,train
19,23,613.9043478260869,,train
19,24,549.746644295302,,train
19,25,624.343137254902,,train
19,26,677.1126237623762,,train
19,27,497.9455882352941,,train
19,28,497.9455882352941,549.4188705708717,forecast
19,29,,649.4467417012439,forecast
19,30,,720.0274163717927,forecast
19,31,,583.3594753293986,forecast
19,32,,556.9735794032812,forecast
19,33,,667.0975033332446,forecast
19,34,,737.653080132418,forecast
19,35,,603.234324956103,forecast
19,36,,572.8962823506819,forecast
19,37,,683.5324329526908,forecast
19,38,,754.0866254714143,forecast
19,39,,619.7817549101821,forecast
19,40,,589.2436202216818,forecast
19,41,,699.9057041679984,forecast
19,42,,770.4598265889035,forecast
19,43,,636.1607218238946,forecast
20,0,767.7937788018434,,train
20,1,829.3974719101124,,train
20,2,836.9362244897959,,train
20,3,685.0370370370371,,train
20,4,728.7649456521739,,train
20,5,963.944099378882,,train
20,6,892.7589820359282,,train
20,7,871.739010989011,,train
20,8,777.1428571428571,,train
20,9,911.19875,,train
20,10,953.1680555555556,,train
20,11,969.0818965517242,,train
20,12,864.6194852941177,,train
20,13,676.2725225225225,,train
20,14,771.3573717948718,,train
20,15,800.5743243243244,,train
20,16,564.4634433962265,,train
20,17,717.4748427672956,,train
20,18,1045.0164835164835,,train
20,19,869.9758620689655,,train
20,20,939.9963414634146,,train
20,21,916.5539215686274,,train
20,22,894.0546875,,train
20,23,756.5719178082192,,train
20,24,754.8214285714286,,train
20,25,935.0280612244898,,train
20,26,960.3883248730964,,train
20,27,787.9674479166666,,train
20,28,787.9674479166666,771.3389155579013,forecast
20,29,,860.3665682039613,forecast
20,30,,923.3364545447803,forecast
20,31,,839.5755531600241,forecast
20,32,,793.0054079286705,forecast
20,33,,873.0314572809093,forecast
20,34,,931.2743994100103,forecast
20,35,,844.2325004854866,forecast
20,36,,797.7780818803737,forecast
20,37,,877.8081012177362,forecast
20,38,,936.0835176066502,forecast
20,39,,849.086396000896,forecast
20,40,,802.6208661457852,forecast
20,41,,882.6476695862601,forecast
20,42,,940.9212744096699,forecast
20,43,,853.9228055119006,forecast
21,0,942.6707746478874,,train
21,1,688.2871900826447,,train
21,2,952.3723404255319,,train
21,3,934.8953488372093,,train
21,4,1095.6129032258063,,train
21,5,885.3698979591836,,train
21,6,1030.5561224489795,,train
21,7,909.1462264150944,,train
21,8,1264.0426829268292,,train
21,9,721.542735042735,,train
21,10,899.9132653061224,,train
21,11,667.155303030303,,train
21,12,731.8315789473684,,train
21,13,791.1666666666666,,train
21,14,853.0714285714286,,train
21,15,881.83,,train
21,16,471.63953488372096,,train
21,17,621.8660714285714,,train
21,18,900.504854368932,,train
21,19,702.6157894736842,,train
21,20,773.4193548387096,,train
21,21,968.9255319148937,,train
21,22,1268.2975,,train
21,23,661.2766666666666,,train
21,24,1016.8275,,train
21,25,1130.2666666666667,,train
21,26,1021.3353174603175,,train
21,27,804.9704301075269,,train
21,28,804.9704301075269,1032.1567495580962,forecast
21,29,,1033.789586354798,forecast
21,30,,1082.0324546571537,forecast
21,31,,885.7511143093493,forecast
21,32,,1053.5007690568132,forecast
21,33,,1012.4814685725084,forecast
21,34,,1120.4359897781085,forecast
21,35,,931.7848547059169,forecast
21,36,,1076.9530042035012,forecast
21,37,,1019.7290691687326,forecast
21,38,,1150.3695698970234,forecast
21,39,,964.6173443713204,forecast
21,40,,1101.206204219614,forecast
21,41,,1037.8257153178229,forecast
21,42,,1177.0851981356307,forecast
21,43,,992.4343422658123,forecast
22,0,399.5827205882353,,train
22,1,596.2034313725491,,train
22,2,501.8036912751678,,train
22,3,445.21753246753246,,train
22,4,348.2113821138211,,train
22,5,559.4323308270676,,train
22,6,702.6404761904762,,train
22,7,460.07838983050846,,train
22,8,512.9574074074075,,train
22,9,560.6650943396227,,train
22,10,789.1532258064516,,train
22,11,437.846875,,train
22,12,346.89150943396226,,train
22,13,567.7523809523809,,train
22,14,663.0147058823529,,train
22,15,304.36170212765956,,train
22,16,494.0581395348837,,train
22,17,512.5642857142857,,train
22,18,511.6536458333333,,train
22,19,475.4197247706422,,train
22,20,756.7772277227723,,train
22,21,562.4427083333334,,train
22,22,453.3357142857143,,train
22,23,543.4217171717172,,train
22,24,469.0125,,train
22,25,803.5237068965517,,train
22,26,669.7073170731708,,train
22,27,394.375,,train
22,28,394.375,524.6919378966976,forecast
22,29,,699.4705451718764,forecast
22,30,,669.9571074313421,forecast
22,31,,468.61735441124887,forecast
22,32,,540.9167029754609,forecast
22,33,,683.0337974047271,forecast
22,34,,680.0772611040443,forecast
22,35,,498.1718889335025,forecast
22,36,,555.2760370328474,forecast
22,37,,688.8421244212418,forecast
22,38,,692.838669867003,forecast
22,39,,516.0216012306851,forecast
22,40,,569.1473486397628,forecast
22,41,,700.4746152805425,forecast
22,42,,706.2916134188514,forecast
22,43,,530.8067620950745,forecast
23,0,694.1955445544554,,train
23,1,987.9690721649484,,train
23,2,916.3724489795918,,train
23,3,720.1575,,train
23,4,938.0775,,train
23,5,854.3983516483516,,train
23,6,1044.5777027027027,,train
23,7,954.453488372093,,train
23,8,736.9131578947369,,train
23,9,955.8391089108911,,train
23,10,857.1293859649123,,train
23,11,838.6056338028169,,train
23,12,751.2272727272727,,train
23,13,914.0945945945946,,train
23,14,1047.826923076923,,train
23,15,926.1123188405797,,train
23,16,627.3688524590164,,train
23,17,805.6962025316456,,train
23,18,1119.6990291262136,,train
23,19,742.1386363636364,,train
23,20,832.169921875,,train
23,21,1097.221264367816,,train
23,22,931.2105263157895,,train
23,23,959.7093023255813,,train
23,24,934.9724409448819,,train
23,25,1096.5252293577983,,train
23,26,968.2913223140496,,train
23,27,793.3536585365854,,train
23,28,793.3536585365854,833.4099905561109,forecast
23,29,,988.709130268399,forecast
23,30,,1040.0539326877822,forecast
23,31,,910.8033467421278,forecast
23,32,,849.270180429562,forecast
23,33,,1017.7901212873929,forecast
23,34,,1044.1266752479928,forecast
23,35,,909.1541494276556,forecast
23,36,,860.8042947771993,forecast
23,37,,1027.6086558823376,forecast
23,38,,1057.1972359195267,forecast
23,39,,922.9689686909202,forecast
23,40,,872.9044974610924,forecast
23,41,,1039.9319862547145,forecast
23,42,,1069.0976111088673,forecast
23,43,,934.7725464287898,forecast
24,0,360.34722222222223,,train
24,1,248.84756097560975,,train
24,2,254.0036231884058,,train
24,3,254.2375,,train
24,4,221.4318181818182,,train
24,5,270.705,,train
24,6,314.19642857142856,,train
24,7,271.79464285714283,,train
24,8,332.15340909090907,,train
24,9,339.68125,,train
24,10,221.53658536585365,,train
24,11,216.1875,,train
24,12,112.11538461538461,,train
24,13,144.20731707317074,,train
24,14,541.5,,train
24,15,131.25,,train
24,16,94.44915254237289,,train
24,17,383.0681818181818,,train
24,18,509.15909090909093,,train
24,19,289.60227272727275,,train
24,20,159.8219696969697,,train
24,21,401.1519607843137,,train
24,22,254.43229166666666,,train
24,23,131.65865384615384,,train
24,24,484.80392156862746,,train
24,25,246.08796296296296,,train
24,26,291.39344262295083,,train
24,27,150.9659090909091,,train
24,28,150.9659090909091,320.5174794109191,forecast
24,29,,284.4688296193129,forecast
24,30,,333.5917144384151,forecast
24,31,,199.22442401649698,forecast
24,32,,282.9135267626028,forecast
24,33,,294.45473855939287,forecast
24,34,,343.26352758158845,forecast
24,35,,210.25998223412404,forecast
24,36,,276.84704343134206,forecast
24,37,,297.85768096372885,forecast
24,38,,346.60348601967434,forecast
24,39,,213.87127475322097,forecast
24,40,,277.05660006612317,forecast
24,41,,299.95077930753234,forecast
24,42,,348.6840561379839,forecast
24,43,,216.00581529871855,forecast
25,0,679.6203703703703,,train
25,1,1316.9255319148936,,train
25,2,818.9901960784314,,train
25,3,796.9692307692308,,train
25,4,1063.0116279069769,,train
25,5,1059.25,,train
25,6,799.5397727272727,,train
25,7,1062.73,,train
25,8,1112.3841463414635,,train
25,9,772.1887755102041,,train
25,10,921.4444444444445,,train
25,11,549.5064102564103,,train
25,12,531.7162162162163,,train
25,13,673.9419642857143,,train
25,14,792.4166666666666,,train
25,15,541.5277777777778,,train
25,16,646.8571428571429,,train
25,17,785.2163461538462,,train
25,18,995.4855072463768,,train
25,19,901.425,,train
25,20,1118.90625,,train
25,21,983.3962264150944,,train
25,22,844.796511627907,,train
25,23,885.109756097561,,train
25,24,896.9861111111111,,train
25,25,1036.0,,train
25,26,915.6342592592592,,train
25,27,1002.90625,,train
25,28,1002.90625,981.9905072264772,forecast
25,29,,1091.7911682697697,forecast
25,30,,1000.986438987319,forecast
25,31,,973.041858893034,forecast
25,32,,1020.442785919236,forecast
25,33,,1116.9172368208351,forecast
25,34,,1031.15039663208,forecast
25,35,,988.362022822859,forecast
25,36,,1044.486804146837,forecast
25,37,,1139.2609319353887,forecast
25,38,,1054.1361611663299,forecast
25,39,,1009.4570777729953,forecast
25,40,,1066.6930254236697,forecast
25,41,,1161.2505817319966,forecast
25,42,,1076.2075916217243,forecast
25,43,,1031.2876880735632,forecast
26,0,756.6198979591836,,train
26,1,706.8226744186046,,train
26,2,905.6582568807339,,train
26,3,694.0959302325581,,train
26,4,746.309375,,train
26,5,806.2465277777778,,train
26,6,926.9901315789474,,train
26,7,885.7852564102565,,train
26,8,728.9769230769231,,train
26,9,836.3494318181819,,train
26,10,841.6888888888889,,train
26,11,785.6422413793103,,train
26,12,535.7245762711865,,train
26,13,599.144495412844,,train
26,14,886.3586956521739,,train
26,15,768.5215517241379,,train
26,16,606.7204545454546,,train
26,17,743.5625,,train
26,18,658.7927927927927,,train
26,19,691.2680722891566,,train
26,20,765.3983516483516,,train
26,21,907.5852272727273,,train
26,22,837.4473684210526,,train
26,23,619.0977011494252,,train
26,24,806.8737373737374,,train
26,25,883.4634831460675,,train
26,26,828.3648648648649,,train
26,27,594.343373493976,,train
26,28,594.343373493976,739.822553018016,forecast
26,29,,822.0617581572345,forecast
26,30,,828.1506999271587,forecast
26,31,,640.994625018744,forecast
26,32,,719.9783477203576,forecast
26,33,,793.7637438435326,forecast
26,34,,827.3426489162916,forecast
26,35,,662.6831735441552,forecast
26,36,,708.6060031369675,forecast
26,37,,778.1680062173775,forecast
26,38,,825.3344314999672,forecast
26,39,,671.8002847862209,forecast
26,40,,701.3690208399072,forecast
26,41,,768.8417810372138,forecast
26,42,,822.7291918538209,forecast
26,43,,674.6981442317286,forecast
