feature_names,odds_ratios,pvalues,confidence_lower,confidence_upper,std_error,pseudo_rsquared,year
const,6.607005845400163,5.8131170485085945e-30,4.771642585589294,9.14832271238959,0.16604385445551462,0.11190567404884733,2016/17
Disab2_POP,1.378040795860382,1.4409704848108146e-06,1.2095531062970157,1.569998394588225,0.06653786526497767,0.11190567404884733,2016/17
Educ6,0.883660627166738,1.583787354966164e-14,0.8562062472369573,0.9119953358488037,0.016103251438503927,0.11190567404884733,2016/17
NSSEC5,0.8283060852638112,2.3004325252237487e-09,0.7786734293244688,0.8811023274291923,0.03152660691359585,0.11190567404884733,2016/17
Motiva_POP,0.5620074139962489,1.3251406027741001e-170,0.5396662495756004,0.585273460467726,0.020696375111736602,0.11190567404884733,2016/17
motivd_POP,0.9927707656756127,0.7366717870818409,0.9516621536456035,1.0356551318181082,0.021576771956235734,0.11190567404884733,2016/17
Gend3_1,0.9496281548183678,0.2300562137707356,0.8727669909685569,1.0332581797381781,0.04306297388607711,0.11190567404884733,2016/17
Age9_1,0.8773373087984574,0.24240531098738938,0.7044959053184855,1.0925837149638902,0.1119454324987044,0.11190567404884733,2016/17
Age9_2,0.943188893785397,0.617152783665607,0.7499034392165937,1.1862931183373027,0.11700323342447205,0.11190567404884733,2016/17
Age9_3,0.9802376309402614,0.8674264999728172,0.7754430635350665,1.2391184579445589,0.11957386145297189,0.11190567404884733,2016/17
Age9_4,0.8527692438459942,0.20166938744678398,0.6678126290072406,1.088951229225382,0.12473767430873071,0.11190567404884733,2016/17
Age9_5,0.6027823576478563,0.00032444829119473875,0.45740865017851684,0.7943587655146043,0.14080820266292376,0.11190567404884733,2016/17
Age9_6,0.6532846481570198,0.029943571158267974,0.4448008397123381,0.959487468129892,0.19611906897664552,0.11190567404884733,2016/17
Age9_7,0.4023473161756268,0.0007447223818497299,0.23703643813511857,0.6829471625010284,0.2699548632771388,0.11190567404884733,2016/17
Eth7_1,0.7032246139613788,2.2886125807609122e-09,0.6265331388901286,0.7893035930344494,0.05891673584090869,0.11190567404884733,2016/17
Eth7_2,0.41166407834744,1.3585187784146934e-44,0.36359474413655524,0.4660884573678007,0.06335206504284153,0.11190567404884733,2016/17
Eth7_3,0.46193082456216233,1.7415461244859782e-20,0.39238503400335883,0.5438028165948161,0.08325232680506074,0.11190567404884733,2016/17
Eth7_4,0.3361680644239749,1.6426689103229344e-16,0.25943015403070213,0.4356045963923983,0.13220840702433476,0.11190567404884733,2016/17
Eth7_5,0.9404261989072052,0.6265947771472374,0.7342830864815099,1.2044420631133859,0.126246475387633,0.11190567404884733,2016/17
Eth7_6,0.5527487226696809,1.27929729361311e-06,0.43483791980786757,0.7026322601947003,0.12241558888279007,0.11190567404884733,2016/17
IMD10_1,1.053542596801116,0.4827984182557018,0.9107325357005721,1.218746404421161,0.07431994016624165,0.11190567404884733,2016/17
IMD10_2,1.1546029616078186,0.07294416316018966,0.9867181637792823,1.3510524564051167,0.08016849217962972,0.11190567404884733,2016/17
IMD10_3,0.9570089402585474,0.5972588365448287,0.8130581743522843,1.1264459796673278,0.08316993194841973,0.11190567404884733,2016/17
IMD10_4,1.197403683261073,0.04411143400126786,1.0047604575388254,1.4269824911295146,0.08949473283366906,0.11190567404884733,2016/17
IMD10_5,1.3154596478005414,0.0028734642967026703,1.0984612444375201,1.5753255690669479,0.0919791466827099,0.11190567404884733,2016/17
IMD10_6,1.1208734138310925,0.23636297328843703,0.9279629390139053,1.3538872696450883,0.0963648822442841,0.11190567404884733,2016/17
IMD10_7,1.1129307408755102,0.2968813698284597,0.9102468053633916,1.3607461478441865,0.1025714482897555,0.11190567404884733,2016/17
IMD10_8,1.0074853423235153,0.9398888807861615,0.8299672439215667,1.2229720177880326,0.0988928938615621,0.11190567404884733,2016/17
IMD10_9,1.2095705686935136,0.1612377625821506,0.9268846191373342,1.5784715059909433,0.13581452767628097,0.11190567404884733,2016/17
Child4_1,0.7849630927213914,0.01425249503727622,0.6467833933131352,0.9526636943759922,0.09879020754427673,0.11190567404884733,2016/17
Child4_2,0.9222873600157354,0.45935839036064086,0.7443872425222365,1.1427035900865603,0.1093364267401045,0.11190567404884733,2016/17
Child4_3,0.7607445979305907,0.04053207656033461,0.5855967758082421,0.988277885379079,0.13350563224494397,0.11190567404884733,2016/17
WorkStat8_1,1.135683238936463,0.04659516125662391,1.00191983480296,1.2873050062481954,0.06393813823357249,0.11190567404884733,2016/17
WorkStat8_2,1.1322527687678394,0.26273177584577956,0.9110466765154315,1.4071686615287526,0.11090530081076307,0.11190567404884733,2016/17
WorkStat8_3,1.108186459113333,0.26131113649010185,0.9263412242914785,1.3257287875765804,0.0914493732723361,0.11190567404884733,2016/17
WorkStat8_4,1.206129045321985,0.0731639411478605,0.9825651666958228,1.480560601248829,0.10459615940125422,0.11190567404884733,2016/17
WorkStat8_5,0.5615428503256332,0.0003464175383763201,0.40934928444673735,0.7703210552279977,0.16128831957550613,0.11190567404884733,2016/17
WorkStat8_6,1.6385966017484836,0.0002474225365888239,1.2582711664627562,2.13387932174408,0.13474811693213,0.11190567404884733,2016/17
WorkStat8_7,1.3853088873909265,0.00997979657214856,1.0811157055452694,1.7750928079584074,0.12649700276620301,0.11190567404884733,2016/17
HHLiv9_1,1.2323435709024746,0.050288077607875147,0.9997376382287736,1.5190692224364766,0.10672649934564199,0.11190567404884733,2016/17
HHLiv9_2,0.9012370111903912,0.32821114792284567,0.73165847400468,1.1101192416917105,0.10635625890434482,0.11190567404884733,2016/17
HHLiv9_3,0.9472654282183257,0.3739071446436091,0.8406391460978678,1.0674161388544026,0.0609280820285877,0.11190567404884733,2016/17
HHLiv9_4,0.8269393198400434,0.09511381175236708,0.6615476847757857,1.0336800421715322,0.1138537511265459,0.11190567404884733,2016/17
HHLiv9_5,0.9179366201903185,0.3632528209530971,0.7632144460074367,1.1040247509652283,0.0941799442970832,0.11190567404884733,2016/17
HHLiv9_6,0.7628814296653366,0.12563299335370143,0.5395534861706568,1.0786476051869107,0.17671788957313503,0.11190567404884733,2016/17
HHLiv9_7,0.946443233519354,0.5975133494361584,0.7715302464333994,1.1610105999284301,0.1042545269030816,0.11190567404884733,2016/17
HHLiv9_8,0.7765619382070728,0.027583878828233613,0.620118755889606,0.9724725113447151,0.11478037637882062,0.11190567404884733,2016/17
const,6.592522785316998,2.7045084859645216e-26,4.653036896179766,9.34042812138593,0.17776652829253672,0.10464378010319797,2017/18
Disab2_POP,1.281976504482677,0.00037341935513408734,1.1180373169129616,1.4699542968596329,0.0698116290508386,0.10464378010319797,2017/18
Educ6,0.8669772197828055,5.852171475036741e-18,0.8393389611802502,0.8955255676030798,0.016529931609758495,0.10464378010319797,2017/18
NSSEC5,0.9034877443726239,0.0022637150681744066,0.8465013273376633,0.9643104834801041,0.033240802504242974,0.10464378010319797,2017/18
Motiva_POP,0.5821000748381399,1.3870672000471021e-133,0.5575339839893179,0.6077485980353443,0.021999855037532948,0.10464378010319797,2017/18
motivd_POP,1.0165858569897566,0.4784317367531128,0.9713822311851438,1.0638930499796477,0.023207087184069622,0.10464378010319797,2017/18
Gend3_1,0.941813389011796,0.19132042438843766,0.860821991752727,1.0304249522201807,0.0458780965891651,0.10464378010319797,2017/18
Gend3_2,3.46988877979412,0.2879190940176499,0.34978078586600825,34.421925476356435,1.17072109815883,0.10464378010319797,2017/18
Age9_1,0.9581581114979486,0.7313627208459036,0.7506935714268149,1.2229583435547213,0.1244998726970632,0.10464378010319797,2017/18
Age9_2,0.9726379655575721,0.8303097077412809,0.7546692284041441,1.2535619267854303,0.12945767838156105,0.10464378010319797,2017/18
Age9_3,1.0063593875994592,0.961476940117524,0.7781004909940675,1.3015789460763625,0.13124672258651673,0.10464378010319797,2017/18
Age9_4,0.8218730955335168,0.15162014790629894,0.6285616877841514,1.0746365842676113,0.1368146691638639,0.10464378010319797,2017/18
Age9_5,0.589762386008323,0.0005468050578516584,0.4371701408782386,0.7956162588128487,0.15275651228558387,0.10464378010319797,2017/18
Age9_6,0.5921648335723404,0.0101665652763078,0.39710709790700977,0.8830343047705262,0.20387059253859782,0.10464378010319797,2017/18
Age9_7,0.2587857586535121,6.334066136902171e-07,0.15202937061964966,0.44050744016707777,0.2713962128797317,0.10464378010319797,2017/18
Eth7_1,0.6951033273765855,4.613227344404884e-09,0.6154962859562392,0.7850065820939058,0.062058076853065795,0.10464378010319797,2017/18
Eth7_2,0.43057210970561133,4.986841005850209e-34,0.37589622655059673,0.4932008585390433,0.06928785480322741,0.10464378010319797,2017/18
Eth7_3,0.4141454411192253,4.2799062649863705e-23,0.34780596262206726,0.4931383151306432,0.08906922523181848,0.10464378010319797,2017/18
Eth7_4,0.604800753560054,0.0011012982179629583,0.447142784471689,0.8180473088456357,0.1540952289210698,0.10464378010319797,2017/18
Eth7_5,0.9232127159354176,0.544218097768975,0.713117751003363,1.1952047437686493,0.13174380550094655,0.10464378010319797,2017/18
Eth7_6,0.47262107538686904,8.498684360180916e-09,0.36620614877649804,0.6099588487143822,0.1301541954169025,0.10464378010319797,2017/18
IMD10_1,0.8571980445973966,0.0513320065497767,0.734133969725761,1.0008915510830863,0.07907158072607545,0.10464378010319797,2017/18
IMD10_2,0.9751402039575074,0.7686612018720207,0.8245433815702,1.1532424353021522,0.08558907443634042,0.10464378010319797,2017/18
IMD10_3,0.93120425882651,0.4326182057943867,0.7793448811222337,1.1126542210785701,0.09083074029767446,0.10464378010319797,2017/18
IMD10_4,0.8370378350664534,0.05730764719225884,0.6967743149576003,1.0055369755921177,0.09357708134867089,0.10464378010319797,2017/18
IMD10_5,0.9495671584949741,0.5965041843672778,0.7840176802005278,1.150073284395318,0.09774398318999049,0.10464378010319797,2017/18
IMD10_6,1.0435541336543603,0.6807453670072108,0.8517596581960406,1.2785358162812372,0.10361578481205166,0.10464378010319797,2017/18
IMD10_7,0.9921929474149132,0.9432406274326874,0.7996364677612077,1.2311179949760296,0.11008385073621617,0.10464378010319797,2017/18
IMD10_8,1.0918294015829746,0.3989623008136989,0.890216144945601,1.3391033727363844,0.10415784541143434,0.10464378010319797,2017/18
IMD10_9,0.8923537826599092,0.4061020935534385,0.6820933431567602,1.1674285952449797,0.13709239461668624,0.10464378010319797,2017/18
Child4_1,0.8342776303247745,0.09226825952261719,0.6756187259187716,1.0301951940627565,0.10762306689867329,0.10464378010319797,2017/18
Child4_2,0.7751167065621523,0.0307172959499738,0.6151954086596404,0.9766098711639707,0.11789688685839572,0.10464378010319797,2017/18
Child4_3,0.8186343957046467,0.17823941333863214,0.6117236473696226,1.0955310894263648,0.14865424020453916,0.10464378010319797,2017/18
WorkStat8_1,1.0349833341488928,0.610793986627217,0.9066172753638685,1.181524476837306,0.06756257304025802,0.10464378010319797,2017/18
WorkStat8_2,0.9414704568318335,0.6046983960323571,0.7492604939804113,1.1829885977016619,0.1165104351395591,0.10464378010319797,2017/18
WorkStat8_3,1.038127387341168,0.6937415593334421,0.8617210707510734,1.2506465362492207,0.09502324890490986,0.10464378010319797,2017/18
WorkStat8_4,0.9655620598364099,0.7547890305666793,0.7749463624910174,1.2030640267781596,0.11220438828226047,0.10464378010319797,2017/18
WorkStat8_5,0.4882110821366229,1.0615962265328684e-05,0.35483977886947116,0.6717117834995892,0.16279967374031007,0.10464378010319797,2017/18
WorkStat8_6,1.5698355557569434,0.0026309165325971873,1.1701268868642303,2.1060824255759996,0.14993065249953916,0.10464378010319797,2017/18
WorkStat8_7,1.1612455706434552,0.2646801761036638,0.8929768666791595,1.5101077370054063,0.1340268507614447,0.10464378010319797,2017/18
HHLiv9_1,1.3440409315488904,0.00845328101782061,1.0785469184948204,1.6748886809669972,0.11228063832880973,0.10464378010319797,2017/18
HHLiv9_2,0.9505863010862564,0.6470442572050835,0.7652130495542717,1.1808663173467788,0.11067788172458723,0.10464378010319797,2017/18
HHLiv9_3,1.2815652855755115,8.727079617396456e-05,1.1321903496024996,1.4506479248554585,0.06322977980875415,0.10464378010319797,2017/18
HHLiv9_4,0.997379942213647,0.9829967382040153,0.7835710214743002,1.2695297833480745,0.12309924091822208,0.10464378010319797,2017/18
HHLiv9_5,1.2197093244304993,0.047883124426817164,1.001852934807351,1.4849393403122355,0.10039028931360656,0.10464378010319797,2017/18
HHLiv9_6,1.0610361651547924,0.7664349695429523,0.7177199446656951,1.5685752529710881,0.19945355286297548,0.10464378010319797,2017/18
HHLiv9_7,1.3230385620715963,0.015089974944841562,1.0556608042484616,1.6581377556919255,0.11518788526095071,0.10464378010319797,2017/18
HHLiv9_8,0.9234056639229672,0.5007222690411427,0.7322491470069389,1.1644643406555388,0.11834290060400952,0.10464378010319797,2017/18
const,4.390010032002539,1.62800786182415e-17,3.123420820281675,6.170218228661526,0.1736780354186364,0.11828322760238275,2018/19
Disab2_POP,1.2131411243153931,0.004034602400945232,1.0634463064275617,1.3839075641243614,0.06719414268343386,0.11828322760238275,2018/19
Educ6,0.8765472115655928,4.926127267450852e-14,0.8470091138781373,0.907115403499613,0.017489664165944274,0.11828322760238275,2018/19
NSSEC5,0.8891450025401266,0.0007104794892809234,0.8306754460325022,0.9517301123056773,0.0347053160036114,0.11828322760238275,2018/19
Motiva_POP,0.5544285407320916,5.692528715538902e-152,0.5305496582940527,0.579382159563936,0.022461824316833943,0.11828322760238275,2018/19
motivd_POP,1.0359362206522227,0.13367132034492787,0.9892255110851219,1.0848525854150421,0.02354050037838336,0.11828322760238275,2018/19
Gend3_1,0.9719374250660578,0.543480244105613,0.8866656586756646,1.0654098859033279,0.04684955914155718,0.11828322760238275,2018/19
Gend3_2,0.3961752382633372,0.0649763798382576,0.14818898666101202,1.0591530649443752,0.501727708224432,0.11828322760238275,2018/19
Age9_1,1.1640833472571201,0.21597939788427367,0.9150823014148545,1.480839523686742,0.12279573689471038,0.11828322760238275,2018/19
Age9_2,1.1847734399059044,0.18722780791400262,0.9208790302210533,1.5242915278128555,0.12856265003787642,0.11828322760238275,2018/19
Age9_3,1.197400605281975,0.16937800519791835,0.926083619100884,1.5482059934519272,0.13109618035875029,0.11828322760238275,2018/19
Age9_4,0.9976695667029448,0.9862009415008115,0.765877970909793,1.2996124736984709,0.13490006854265935,0.11828322760238275,2018/19
Age9_5,0.7392507842125993,0.04421480821257957,0.5507824509665602,0.9922097572279448,0.15015445004023417,0.11828322760238275,2018/19
Age9_6,0.7498785452125208,0.1680472200608224,0.49802668091204316,1.129091781870534,0.2088087358799106,0.11828322760238275,2018/19
Age9_7,0.3087017838096505,5.567021299877867e-05,0.17430408485823373,0.5467272405277688,0.2916249106694149,0.11828322760238275,2018/19
Eth7_1,0.650993726504667,1.2014012449238996e-11,0.5750238841292797,0.7370003988445705,0.06331158576612773,0.11828322760238275,2018/19
Eth7_2,0.36879287960313656,6.788884844791351e-47,0.32191476187607193,0.42249751845282846,0.0693626973785043,0.11828322760238275,2018/19
Eth7_3,0.4912029017674937,5.94449664809454e-14,0.40801722913435096,0.5913482899158601,0.09466902657555583,0.11828322760238275,2018/19
Eth7_4,0.43104778522999154,3.89572725569284e-08,0.3192858407502315,0.5819305757972175,0.15313148754297332,0.11828322760238275,2018/19
Eth7_5,0.6826282250097137,0.0014824999430115956,0.5394158593394897,0.8638627980840284,0.12013668345584454,0.11828322760238275,2018/19
Eth7_6,0.5061371634727027,7.865220430890489e-08,0.3947614684384275,0.6489357465954151,0.12680131035464082,0.11828322760238275,2018/19
IMD10_1,1.2647206942201734,0.0032171923751581825,1.0817881423245246,1.4785875087812892,0.07971368076952219,0.11828322760238275,2018/19
IMD10_2,1.2092822200835123,0.025991029491307577,1.0229971354371385,1.4294893281252672,0.08535375729486831,0.11828322760238275,2018/19
IMD10_3,1.637982349348373,1.0860424468465199e-07,1.3653102271372344,1.9651110227178679,0.09290146943160911,0.11828322760238275,2018/19
IMD10_4,1.4002203456098188,0.0005088775274742321,1.1581467362713194,1.6928917164434043,0.09684286500768644,0.11828322760238275,2018/19
IMD10_5,1.4850001101057253,7.008680227745633e-05,1.2220077110921852,1.8045919898844727,0.09945064143280163,0.11828322760238275,2018/19
IMD10_6,1.7064785621768275,6.021594317490617e-07,1.3833950303018905,2.105016296417957,0.10708935658605158,0.11828322760238275,2018/19
IMD10_7,1.5695243256264528,5.1973942067332955e-05,1.2616746597706314,1.952489565876683,0.11139626254005945,0.11828322760238275,2018/19
IMD10_8,1.5536122450988041,5.3076008467451815e-05,1.2547369392379832,1.9236789263467626,0.10901055403229791,0.11828322760238275,2018/19
IMD10_9,1.5645597643560754,0.0010201163250656905,1.197862786021361,2.043512232625855,0.13626042546550982,0.11828322760238275,2018/19
Child4_1,0.7134978956110425,0.0024479543906368037,0.5735219085186227,0.8876369663999608,0.11142212406915057,0.11828322760238275,2018/19
Child4_2,0.7759841622627456,0.039880664850862224,0.6092544739508193,0.9883414005610116,0.12341863247236487,0.11828322760238275,2018/19
Child4_3,0.8374277623395929,0.24431623134823965,0.6212041898347908,1.1289126322918146,0.15238809101426465,0.11828322760238275,2018/19
WorkStat8_1,1.0903625961298262,0.21162151988341726,0.9519611845808776,1.248885574638645,0.06925704580012783,0.11828322760238275,2018/19
WorkStat8_2,0.9669455448352047,0.773139729014916,0.7693955295933834,1.2152185068852412,0.11660265296132197,0.11828322760238275,2018/19
WorkStat8_3,0.9701984644678904,0.756083218826245,0.8015952095998645,1.1742648274129748,0.09739816667780597,0.11828322760238275,2018/19
WorkStat8_4,0.9013907467500362,0.37360467415840715,0.717122865631392,1.1330070721022347,0.11668156147513054,0.11828322760238275,2018/19
WorkStat8_5,0.4220067551669064,2.2170165548396763e-06,0.29522123583696197,0.6032415009090084,0.18229737738788632,0.11828322760238275,2018/19
WorkStat8_6,1.8821740557291133,4.017580686365698e-05,1.391772244953401,2.5453727712312526,0.1540077227542619,0.11828322760238275,2018/19
WorkStat8_7,0.948147477473332,0.6946094813088939,0.7268358790782024,1.2368454350095701,0.13561951040096867,0.11828322760238275,2018/19
HHLiv9_1,1.4363373744249572,0.0013914600198664112,1.150351789925162,1.7934209962886187,0.11328197115447475,0.11828322760238275,2018/19
HHLiv9_2,0.9510403593582217,0.6656156304940649,0.7574050432018715,1.194179749985035,0.11615434175644314,0.11828322760238275,2018/19
HHLiv9_3,1.2454606614832655,0.0006320987011627772,1.098137532210637,1.4125482590324563,0.06423071006961237,0.11828322760238275,2018/19
HHLiv9_4,1.0322889693958488,0.8030138894053191,0.8041960969386679,1.3250754640476867,0.12739559339636256,0.11828322760238275,2018/19
HHLiv9_5,1.1308681070054996,0.22318402420581096,0.9278348465495695,1.3783300769506925,0.10096466299632138,0.11828322760238275,2018/19
HHLiv9_6,0.9143660437283773,0.6579734570074458,0.6151658301714449,1.3590892421486997,0.20221754372654274,0.11828322760238275,2018/19
HHLiv9_7,1.156063712546119,0.2278695386952888,0.913300639945024,1.4633552731840471,0.12026294862528195,0.11828322760238275,2018/19
HHLiv9_8,1.1662558137507548,0.21366223822668595,0.9152094741144434,1.4861653660475038,0.1236761320737416,0.11828322760238275,2018/19
const,4.512060342995293,6.750723336068684e-14,3.0422846759877213,6.691907795321967,0.2010981425156254,0.107141350609539,2019/20
Disab2_POP,1.385718925027688,1.1061061692668877e-05,1.198117045173506,1.6026956188590187,0.07421967452176707,0.107141350609539,2019/20
Educ6,0.8607402627956521,5.796413358190818e-14,0.8277151256453663,0.8950830751339379,0.019961461519186516,0.107141350609539,2019/20
NSSEC5,0.8004879170761071,3.810533990909383e-09,0.7433735111747084,0.8619905010769849,0.037767435245095564,0.107141350609539,2019/20
Motiva_POP,0.6213829694457015,6.856148666838823e-83,0.5920531990126424,0.6521657097049359,0.024669379729130067,0.107141350609539,2019/20
motivd_POP,0.9891901270796059,0.6751258141725391,0.9401700058040218,1.040766139603622,0.0259320268824349,0.107141350609539,2019/20
Gend3_1,1.0980998326179805,0.0625712347371534,0.9951004794742839,1.211760286793027,0.050252364071747956,0.107141350609539,2019/20
Gend3_2,0.8551768581242045,0.7232761802659105,0.35971975767682207,2.033047790853406,0.44183619116561973,0.107141350609539,2019/20
Age9_1,0.9309560037600805,0.5812983668017353,0.7219464659013629,1.2004755502956508,0.1297273990758519,0.107141350609539,2019/20
Age9_2,0.9489871737795658,0.7026146748975272,0.7253116365918376,1.2416409865280003,0.13714225315053938,0.107141350609539,2019/20
Age9_3,0.9966673783845527,0.9810638407392083,0.7565449190414123,1.31300315174222,0.1406429837857379,0.107141350609539,2019/20
Age9_4,0.9127460113917285,0.5312195337293485,0.6858625966448139,1.214682482157498,0.1458089748956221,0.107141350609539,2019/20
Age9_5,0.7270335281928902,0.0579605323549908,0.5229232628670857,1.0108132275824067,0.16813465413083575,0.107141350609539,2019/20
Age9_6,1.065989642712163,0.7811905191915354,0.6790856772100254,1.6733292373918864,0.23006115987278675,0.107141350609539,2019/20
Age9_7,0.6034771170067871,0.1593824030810148,0.29864292562354977,1.2194651187213832,0.3589144990322302,0.107141350609539,2019/20
Eth7_1,0.7009515022220298,1.2099501510767828e-07,0.6145203492981105,0.7995390372808784,0.06714238542283059,0.107141350609539,2019/20
Eth7_2,0.3971675733561566,7.161232622441539e-39,0.34570214699896273,0.45629476905184313,0.07080779767612291,0.107141350609539,2019/20
Eth7_3,0.41554596966840135,5.0163345987487216e-18,0.34059139062756616,0.5069959419393381,0.10148643337341477,0.107141350609539,2019/20
Eth7_4,0.5217888640955102,2.8720565513363852e-05,0.3847137799569494,0.7077043580933075,0.15549438889047004,0.107141350609539,2019/20
Eth7_5,0.8276952407340906,0.17910773605246744,0.6281400646540343,1.0906475324276454,0.14075863004283315,0.107141350609539,2019/20
Eth7_6,0.42108176415704274,4.50829965039305e-11,0.32552562504877536,0.5446878477816915,0.13132172186173724,0.107141350609539,2019/20
IMD10_1,1.0234340639650867,0.8301869815427718,0.8281763649170942,1.2647273306199054,0.1080085398351218,0.107141350609539,2019/20
IMD10_2,1.1592021384806146,0.1912509970905396,0.9288346902100518,1.4467047925978591,0.11304108563330086,0.107141350609539,2019/20
IMD10_3,1.2770050310929681,0.03546174893921065,1.016775044878684,1.603837404989934,0.11626826861395541,0.107141350609539,2019/20
IMD10_4,1.0508768648553108,0.6736592466337988,0.8341585933553619,1.323899548461121,0.11783719582112119,0.107141350609539,2019/20
IMD10_5,1.2154025511753392,0.1223811100377614,0.9489326946017933,1.5566998268759318,0.12627412903551619,0.107141350609539,2019/20
IMD10_6,1.3369509084850535,0.02253549676640607,1.0417423862387667,1.7158154984483178,0.1272966743692407,0.107141350609539,2019/20
IMD10_7,1.2228457689626158,0.11762974822744679,0.9504642051925721,1.5732857339607018,0.12856640155007,0.107141350609539,2019/20
IMD10_8,1.3907968796765204,0.013030548164071879,1.0719511749796473,1.8044814033201388,0.13285772788367972,0.107141350609539,2019/20
IMD10_9,1.8201102623159784,0.00021543472262445411,1.3253359238375277,2.4995937312222547,0.161855590569967,0.107141350609539,2019/20
Child4_1,0.9073382606211743,0.4068937733746826,0.7210574946297134,1.1417435160421296,0.11724524014358229,0.107141350609539,2019/20
Child4_2,0.9854655399515562,0.9097434921779325,0.7650780024230299,1.2693376719189011,0.1291535805386775,0.107141350609539,2019/20
Child4_3,0.7923821274667938,0.16434244473929893,0.5708090476923164,1.0999640570996048,0.16734441338929895,0.107141350609539,2019/20
WorkStat8_1,1.022042302196182,0.7800076919718696,0.877049316933467,1.191005394235673,0.07806007570983321,0.107141350609539,2019/20
WorkStat8_2,0.9707077688719351,0.7980765593454036,0.7729898341086077,1.2189986607455663,0.11620599591129602,0.107141350609539,2019/20
WorkStat8_3,0.9000719722188669,0.3463411105555386,0.7229616924245923,1.1205705138498196,0.11179720363777176,0.107141350609539,2019/20
WorkStat8_4,0.8732870513040737,0.28895550030488626,0.6798258552170948,1.1218023970739188,0.12777155287797784,0.107141350609539,2019/20
WorkStat8_5,0.4385675914335174,4.329731222528034e-05,0.2954345412793459,0.6510461891926496,0.20156832045660492,0.107141350609539,2019/20
WorkStat8_6,2.0168463661377385,1.0852600338238567e-05,1.4755041210156492,2.756799663699386,0.15945975573362797,0.107141350609539,2019/20
WorkStat8_7,1.1164772468322286,0.3958039972148806,0.8657725891059217,1.439779288902353,0.12975310728838257,0.107141350609539,2019/20
HHLiv9_1,1.5594991103059972,0.0001644412541557916,1.2376753992124905,1.9650042948196726,0.11792550589438741,0.107141350609539,2019/20
HHLiv9_2,0.7666162889259338,0.031041729304153297,0.602111697738264,0.9760656314337914,0.12323870764232316,0.107141350609539,2019/20
HHLiv9_3,1.1826290419860512,0.015624026015660913,1.032260501040141,1.3549016450203761,0.06938336838002833,0.107141350609539,2019/20
HHLiv9_4,0.8802335939618545,0.3453082982705994,0.6753630316997997,1.1472513945409557,0.13517439656232463,0.107141350609539,2019/20
HHLiv9_5,1.1764300598160176,0.14603142905302288,0.9449835890991315,1.4645626671232428,0.11177358316166432,0.107141350609539,2019/20
HHLiv9_6,0.8100320561612179,0.3414673833862494,0.5247872541857898,1.2503198711005161,0.22147390231332872,0.107141350609539,2019/20
HHLiv9_7,0.9971336973907597,0.9807327323460473,0.7899190058967179,1.258705769895311,0.11885649250439725,0.107141350609539,2019/20
HHLiv9_8,0.8615462284633857,0.29630063395108364,0.6513578478061391,1.1395608516570765,0.14269115992573683,0.107141350609539,2019/20
const,4.248346292383777,8.303413280600041e-11,2.745649276755135,6.573471117673489,0.2227144097016478,0.09972569878571913,2020/21
Disab2_POP,1.3513056467534226,1.4962925834225092e-06,1.1953461273756791,1.5276135582223649,0.06257027271586572,0.09972569878571913,2020/21
Educ6,0.8709194641421415,1.0172036215387252e-16,0.8429641357622508,0.899801878683439,0.016645762700875713,0.09972569878571913,2020/21
NSSEC5,0.83718580303591,2.0696912194536805e-08,0.7867545451112935,0.8908497232840715,0.031699419093988636,0.09972569878571913,2020/21
Motiva_POP,0.5892053218788071,1.6158969034865563e-132,0.5647881635408394,0.6146780930284238,0.021594268163383022,0.09972569878571913,2020/21
motivd_POP,1.0439509150324973,0.047400056276216025,1.0004935257269303,1.0892959174376924,0.02169380073050991,0.09972569878571913,2020/21
Gend3_1,0.9893893261858293,0.8076833329038764,0.9079552793447585,1.078127151236879,0.043823654760361964,0.09972569878571913,2020/21
Gend3_2,0.5734351982320214,0.17996710213878808,0.2543634706320078,1.2927482305315725,0.41474267498363226,0.09972569878571913,2020/21
Age9_1,0.9028251014207704,0.33978350943637836,0.7318958659638678,1.1136736818180961,0.1070890107927959,0.09972569878571913,2020/21
Age9_2,0.929398847365834,0.5188540708982294,0.7440373159964045,1.1609393761765503,0.11349534416375429,0.09972569878571913,2020/21
Age9_3,1.0680219361046335,0.5700227404682994,0.8510662894619982,1.3402843822209958,0.11585597440792984,0.09972569878571913,2020/21
Age9_4,1.1084107681805442,0.3933086716463846,0.8751179572499214,1.4038958072342704,0.12057560461088067,0.09972569878571913,2020/21
Age9_5,0.8858664642987157,0.38304793347460264,0.6746983192257169,1.1631263487801438,0.1389314127254362,0.09972569878571913,2020/21
Age9_6,1.162631719448976,0.4320807915211796,0.7983262884341643,1.6931830188382355,0.1918015047374643,0.09972569878571913,2020/21
Age9_7,0.4527672508097376,0.0038734253163507843,0.26445715175278656,0.775165965628486,0.27434124378964536,0.09972569878571913,2020/21
Eth7_1,0.8189025222388191,0.000854917246450783,0.7281646691384834,0.9209473754370849,0.05991836622521218,0.09972569878571913,2020/21
Eth7_2,0.48853797391707143,2.4236325682787877e-30,0.43214851692758277,0.5522854819816313,0.06257660183512323,0.09972569878571913,2020/21
Eth7_3,0.4508557268683091,8.5798925339765e-20,0.37981291013953566,0.5351868802334121,0.08748558843734908,0.09972569878571913,2020/21
Eth7_4,0.44918369389295776,1.5327052477106365e-09,0.3464599376373038,0.58236456496319,0.13248443954847988,0.09972569878571913,2020/21
Eth7_5,0.9999572035703207,0.9997063318258659,0.7961682277129353,1.2559084552325328,0.11627865540972752,0.09972569878571913,2020/21
Eth7_6,0.5184550332594465,2.5594770727994862e-08,0.4114425109420611,0.6533005568544794,0.11795318526322983,0.09972569878571913,2020/21
IMD10_1,0.9140358253578356,0.6137641309211213,0.6447170753182893,1.2958575505777046,0.17809418541709698,0.09972569878571913,2020/21
IMD10_2,1.052802918115501,0.7704316390931398,0.7451631979896842,1.4874513225864632,0.17633389335996436,0.09972569878571913,2020/21
IMD10_3,1.1311745807483526,0.4880837476910449,0.7983880714123401,1.6026741605341,0.17776706221051178,0.09972569878571913,2020/21
IMD10_4,0.9938456819169452,0.972368350734601,0.7008327861929156,1.4093650567213467,0.17822400069592145,0.09972569878571913,2020/21
IMD10_5,1.1756449574123957,0.36614067687030527,0.8276830837140834,1.66989164462209,0.17905525137242023,0.09972569878571913,2020/21
IMD10_6,1.2320103137831575,0.2514715907024251,0.8624729916366652,1.7598805156643094,0.18194144590293132,0.09972569878571913,2020/21
IMD10_7,1.1225084549754194,0.5269540198694005,0.7847008636867779,1.6057395751691896,0.18266589329842076,0.09972569878571913,2020/21
IMD10_8,1.0884219506706145,0.641831214720904,0.7616303741896756,1.5554294876461934,0.18215784197938772,0.09972569878571913,2020/21
IMD10_9,0.9955733348239232,0.9812244496262172,0.6880319401572639,1.4405817625063686,0.18851546687841952,0.09972569878571913,2020/21
Child4_1,1.2058583164096761,0.07046430325072793,0.9844904896362517,1.4770018548291262,0.10348284550161468,0.09972569878571913,2020/21
Child4_2,1.1667804379093214,0.17282339215814846,0.9347026831171545,1.4564808841115033,0.11315257895688716,0.09972569878571913,2020/21
Child4_3,1.1232586982408317,0.42723256969137113,0.8430668368624844,1.4965718588447923,0.14640220667616058,0.09972569878571913,2020/21
WorkStat8_1,1.1153001034135093,0.11015423914465797,0.9755444965695279,1.2750769698853313,0.06830892130717989,0.09972569878571913,2020/21
WorkStat8_2,0.8706329935775498,0.14544588548245105,0.7224947713059389,1.0491450452100664,0.09516008680455827,0.09972569878571913,2020/21
WorkStat8_3,0.9765735274559656,0.8066284399539929,0.8077394553751467,1.180697374854436,0.09684386836245111,0.09972569878571913,2020/21
WorkStat8_4,0.804861449487885,0.061213866160860345,0.6412234344406944,1.0102593231589905,0.11596753007041491,0.09972569878571913,2020/21
WorkStat8_5,0.5546604974931787,0.0003430797955007793,0.40170165628067284,0.765862581518518,0.1646186095016559,0.09972569878571913,2020/21
WorkStat8_6,1.4632396671299173,0.0051158943756759055,1.1209392187954446,1.9100681710139953,0.13596474607630762,0.09972569878571913,2020/21
WorkStat8_7,0.9266737400834392,0.5494167681006383,0.7221766406273452,1.1890778131708428,0.12721243326888956,0.09972569878571913,2020/21
HHLiv9_1,1.1310707807398774,0.2389448326567234,0.9214357225760466,1.3883997328288222,0.10458714373091009,0.09972569878571913,2020/21
HHLiv9_2,0.9724468390538247,0.7900284807043935,0.7916806007318252,1.194487845112813,0.10492916341244243,0.09972569878571913,2020/21
HHLiv9_3,1.1790160423388771,0.006641096065548952,1.046831181491754,1.3278920734015016,0.06067078296560555,0.09972569878571913,2020/21
HHLiv9_4,0.6283671366455909,9.231153909190274e-05,0.4978092602968792,0.7931657562591429,0.1188325998712372,0.09972569878571913,2020/21
HHLiv9_5,0.8920417307611899,0.2371787566203145,0.7381077789248557,1.0780789366269918,0.09664619375836454,0.09972569878571913,2020/21
HHLiv9_6,0.7033905355171098,0.10334155819131857,0.46060933780794233,1.074138548318669,0.21600499174121618,0.09972569878571913,2020/21
HHLiv9_7,0.9508081922054754,0.6196768767314283,0.7790762558590827,1.160395033947183,0.1016362660934931,0.09972569878571913,2020/21
HHLiv9_8,0.7982089039592537,0.05395921482247105,0.6346980577398632,1.0038433970140959,0.11695161912350079,0.09972569878571913,2020/21
const,7.66494205150735,2.0508907318667863e-20,4.980667261581563,11.795876650131774,0.21994949153287044,0.11322209839065178,2021/22
Disab2_POP,1.147797785896826,0.025739710340001828,1.0168385210230273,1.2956233758573565,0.06181073423318334,0.11322209839065178,2021/22
Educ6,0.8835877231090525,6.172699482668934e-13,0.8543012081064639,0.9138782165127697,0.017197633853630705,0.11322209839065178,2021/22
NSSEC5,0.8335251462672942,3.163349468317073e-08,0.7814501614652691,0.8890703511496969,0.03291514375807442,0.11322209839065178,2021/22
Motiva_POP,0.5707299068511907,7.937040301878734e-147,0.5469282118680198,0.5955674245836343,0.021734341156357948,0.11322209839065178,2021/22
motivd_POP,1.074314025730752,0.001214509532010347,1.0286618394479727,1.121992263756168,0.02215528962438145,0.11322209839065178,2021/22
Gend3_1,0.9076244745331465,0.03200365791708043,0.8306769893226661,0.9916997790480296,0.045199657410271876,0.11322209839065178,2021/22
Gend3_2,1.2951879586645234,0.41997585046404096,0.6907614397854788,2.4284966583985046,0.32072863854734257,0.11322209839065178,2021/22
Age9_1,0.8779212222154361,0.2657965033258912,0.6980136137489021,1.1041986248329922,0.1170012616455538,0.11322209839065178,2021/22
Age9_2,0.8513801111695134,0.18912911276174293,0.6696208072053498,1.082475463568931,0.122526282162502,0.11322209839065178,2021/22
Age9_3,1.0109802961347794,0.9305910055357385,0.7907187855409303,1.2925975427200214,0.1253764581283274,0.11322209839065178,2021/22
Age9_4,0.8353340167498046,0.1625112453876535,0.648942180542371,1.0752620810627103,0.12882279687456297,0.11322209839065178,2021/22
Age9_5,0.5949521640182207,0.0003639780286880158,0.44719181254083046,0.7915352373264771,0.14566257061665788,0.11322209839065178,2021/22
Age9_6,0.6475226322837008,0.02777351632807869,0.4396826545529236,0.9536095067155858,0.19750389410658803,0.11322209839065178,2021/22
Age9_7,0.2509057331609779,4.332366176695512e-07,0.1467662497804031,0.42893844482121346,0.27359488444874586,0.11322209839065178,2021/22
Eth7_1,0.7387128928947256,1.1939146236747652e-06,0.6537282907074231,0.83474548353778,0.06235702867083942,0.11322209839065178,2021/22
Eth7_2,0.48216189768397716,2.4348722839720538e-30,0.42554827014743146,0.5463072273743969,0.0637264567183458,0.11322209839065178,2021/22
Eth7_3,0.4512922142668615,4.434668414678621e-19,0.3789484999850398,0.5374468104925264,0.08914181299590113,0.11322209839065178,2021/22
Eth7_4,0.5116490933599507,4.6883729742079453e-07,0.3942451833140799,0.664015201239645,0.1329953096919938,0.11322209839065178,2021/22
Eth7_5,0.8020595067942078,0.06870099825890942,0.6325108019944606,1.0170568635515598,0.12116830017135238,0.11322209839065178,2021/22
Eth7_6,0.5353274652514339,5.528120251586307e-07,0.4191691697126857,0.6836750308925506,0.12480028275552796,0.11322209839065178,2021/22
IMD10_1,0.8904561082036473,0.48268660941604,0.6440650156099813,1.231105651478732,0.1652755551686956,0.11322209839065178,2021/22
IMD10_2,0.8975239462750413,0.5048761703280997,0.6531895688120233,1.233254896587221,0.16213175955974016,0.11322209839065178,2021/22
IMD10_3,1.01557608941542,0.9250877362262743,0.7358564353080655,1.4016250234470327,0.16437866706040433,0.11322209839065178,2021/22
IMD10_4,0.8953525593508078,0.5024064050107782,0.6482010391438431,1.2367400808164168,0.1648074507951062,0.11322209839065178,2021/22
IMD10_5,1.051866514118476,0.7617078301024083,0.7586117759349855,1.4584840344194399,0.16675375043806204,0.11322209839065178,2021/22
IMD10_6,0.996738366187746,0.9846782600236593,0.7141289853690135,1.3911875739328103,0.1701177773043726,0.11322209839065178,2021/22
IMD10_7,1.0688024063091153,0.6947255501819172,0.7666175091158342,1.490102391542887,0.16954702441683675,0.11322209839065178,2021/22
IMD10_8,0.904694377693378,0.5540878310886439,0.6492385543932819,1.2606643759702107,0.16928727448838324,0.11322209839065178,2021/22
IMD10_9,0.9226085587261992,0.6514299501527366,0.6505057341166643,1.308530437153957,0.17829661041354972,0.11322209839065178,2021/22
Child4_1,0.7700490854586778,0.012413826590913762,0.6274166872439717,0.9451065074798797,0.10451384256122526,0.11322209839065178,2021/22
Child4_2,0.76319948364623,0.019314680445698253,0.6085714229883852,0.9571160094531562,0.11551496064287456,0.11322209839065178,2021/22
Child4_3,0.8825166520980545,0.4109305804984972,0.6551578156452156,1.1887756241804766,0.15199335991983057,0.11322209839065178,2021/22
WorkStat8_1,1.095209277216777,0.18817841701036053,0.9564716973144177,1.254070940383919,0.06910818117319982,0.11322209839065178,2021/22
WorkStat8_2,0.9187883665653899,0.4596076252555573,0.7340425682505402,1.150031481890527,0.11453720023848117,0.11322209839065178,2021/22
WorkStat8_3,1.109627972514842,0.28265185590950814,0.9178284598493224,1.3415080172928329,0.09682298729868573,0.11322209839065178,2021/22
WorkStat8_4,0.7614469758940002,0.014741038152597604,0.6116649514527637,0.947907013015922,0.11175504899871158,0.11322209839065178,2021/22
WorkStat8_5,0.41580107222136176,1.5945822254293368e-08,0.30669261470187326,0.5637257741876042,0.15528905916768607,0.11322209839065178,2021/22
WorkStat8_6,1.672235663667212,0.0004116459497393098,1.2571981370029826,2.22428910172167,0.14555160710702175,0.11322209839065178,2021/22
WorkStat8_7,1.1333560269663545,0.3774058307743715,0.8583182959952124,1.4965262768535055,0.14182068786705648,0.11322209839065178,2021/22
HHLiv9_1,1.1272257251175173,0.29457816797106695,0.9010576450305577,1.4101626487211272,0.11426003218613062,0.11322209839065178,2021/22
HHLiv9_2,0.756617333797436,0.009194474975858862,0.61338814499849,0.9332912519920807,0.10707324161330849,0.11322209839065178,2021/22
HHLiv9_3,1.111785334065952,0.08863478897377597,0.9841127500136457,1.2560213542879117,0.06223682598105689,0.11322209839065178,2021/22
HHLiv9_4,0.9260182546441176,0.5240094014410942,0.7310396314599841,1.173000438049543,0.12062786667083307,0.11322209839065178,2021/22
HHLiv9_5,1.0908223561219854,0.37882498321589286,0.8988207876066443,1.3238383324265737,0.09877909963032853,0.11322209839065178,2021/22
HHLiv9_6,0.898899688163145,0.5873099060614393,0.6117175279670826,1.32090484976798,0.19638158116809315,0.11322209839065178,2021/22
HHLiv9_7,0.8121490247029621,0.052606408524826204,0.6580423214699179,1.0023459233634189,0.10735636233175572,0.11322209839065178,2021/22
HHLiv9_8,0.9272557461651194,0.5172935152177665,0.7377631936943131,1.165418966607442,0.1166381207993984,0.11322209839065178,2021/22
const,4.187774869221525,6.221013204285886e-11,2.7260531069090046,6.433278321260803,0.2190421477563539,0.11596722826210015,2022/23
Disab2_POP,1.2672110221826351,9.735811450304508e-05,1.1249235840858904,1.427495873905112,0.06076812275536055,0.11596722826210015,2022/23
Educ6,0.8849594984305006,1.5280482329676817e-12,0.855486879554139,0.9154474867814753,0.01728150267549616,0.11596722826210015,2022/23
NSSEC5,0.8262513569137363,6.023119103558583e-09,0.7747827481009065,0.8811390115166554,0.03281507665634209,0.11596722826210015,2022/23
Motiva_POP,0.5693836693614537,7.179587174541483e-152,0.545936500528903,0.5938378595705373,0.021455406705102625,0.11596722826210015,2022/23
motivd_POP,1.0801020204401506,0.0003243151610345467,1.0356675570906941,1.1264429078343077,0.021433709432881407,0.11596722826210015,2022/23
Gend3_1,1.011778728196718,0.7953574904222247,0.9260927144462913,1.1053927742466196,0.04514920956978688,0.11596722826210015,2022/23
Gend3_2,1.0189091310340928,0.9549396357454607,0.532039373112335,1.9513138872251266,0.3315215807593465,0.11596722826210015,2022/23
Age9_1,0.8102708226107891,0.07503648588780715,0.642741351158623,1.0214665740594877,0.1181787790255562,0.11596722826210015,2022/23
Age9_2,0.8526521773722251,0.19250520435451313,0.6708968384869712,1.0836475801811591,0.12231669565771196,0.11596722826210015,2022/23
Age9_3,0.7987257536382523,0.07117290745012338,0.6257186693655947,1.0195681554009144,0.1245516711776542,0.11596722826210015,2022/23
Age9_4,0.6899837773447841,0.0034639679500516256,0.5380028055005578,0.8848980119277149,0.12694330781060073,0.11596722826210015,2022/23
Age9_5,0.5620233007853224,4.41355709369206e-05,0.42626386374610215,0.7410203338600909,0.14106624341103474,0.11596722826210015,2022/23
Age9_6,0.643705160626132,0.022081699254054264,0.441440006826356,0.9386469903252445,0.1924518374818202,0.11596722826210015,2022/23
Age9_7,0.38134509906715963,0.00037552736652980766,0.2241811050610819,0.6486901942200639,0.2710511577024205,0.11596722826210015,2022/23
Eth7_1,0.835998697535443,0.0040828972937532165,0.7397924035668391,0.9447161378128602,0.062377393133577694,0.11596722826210015,2022/23
Eth7_2,0.4927897507261848,9.804954551657516e-29,0.43501201827705166,0.5582414467135793,0.06362818705709869,0.11596722826210015,2022/23
Eth7_3,0.4728082751735536,8.165081945409472e-18,0.3985851843195718,0.560852921450683,0.08712850438761031,0.11596722826210015,2022/23
Eth7_4,0.45532776279623327,2.0384455603058108e-11,0.3617606939009678,0.5730953502366339,0.11736674376325502,0.11596722826210015,2022/23
Eth7_5,0.6920662878057817,0.0011409139784886054,0.5544248114255844,0.8638786303335583,0.11314011067448523,0.11596722826210015,2022/23
Eth7_6,0.623024281280815,0.0003186521513206946,0.4815211450676807,0.806110508419974,0.13144902129058414,0.11596722826210015,2022/23
IMD10_1,1.3535958380559048,0.07303000773062467,0.972136257850516,1.8847375334538805,0.16889286697434638,0.11596722826210015,2022/23
IMD10_2,1.4562766991528804,0.024440556648779928,1.0496663878719839,2.020396050591888,0.16704928615063047,0.11596722826210015,2022/23
IMD10_3,1.5293488806307936,0.011666796344754045,1.0993136598915312,2.1276075100508076,0.16845005300985882,0.11596722826210015,2022/23
IMD10_4,1.4606572275895022,0.024955579038834594,1.0488306554968587,2.0341887656770927,0.16898810935816205,0.11596722826210015,2022/23
IMD10_5,1.6506224765765685,0.00328606643203971,1.1817716034228758,2.305483184981245,0.17048160401779544,0.11596722826210015,2022/23
IMD10_6,1.8512650155237136,0.00037835063941697136,1.3182430281164699,2.59981056952665,0.1732528707626382,0.11596722826210015,2022/23
IMD10_7,1.9214531512271904,0.0001789439872636001,1.3654348995044452,2.70388739419274,0.17429338828554636,0.11596722826210015,2022/23
IMD10_8,1.5862402210142978,0.007939993815433978,1.128318393107626,2.2300071098136227,0.17379819283865944,0.11596722826210015,2022/23
IMD10_9,1.333420421087121,0.11361639504558309,0.9335931821142547,1.90448050975008,0.1818716516085966,0.11596722826210015,2022/23
Child4_1,0.863974792657254,0.15909247559554796,0.7048837257772543,1.0589724447447755,0.10383391408407239,0.11596722826210015,2022/23
Child4_2,0.7408922795136235,0.008719839983516053,0.5921442055804629,0.9270062337345689,0.11434141085837182,0.11596722826210015,2022/23
Child4_3,0.9630877566409712,0.805126434331479,0.7143402150921148,1.2984541642697967,0.15244422745280975,0.11596722826210015,2022/23
WorkStat8_1,1.0278418127852216,0.6881869524488657,0.8988356990868369,1.17536363228887,0.0684279397408715,0.11596722826210015,2022/23
WorkStat8_2,0.845580178831194,0.13340495000726718,0.6792403128691937,1.0526551873988785,0.1117612409993772,0.11596722826210015,2022/23
WorkStat8_3,1.0686940361949275,0.469159152828841,0.8927441768762395,1.279321638361058,0.09178362088933112,0.11596722826210015,2022/23
WorkStat8_4,0.732985550570815,0.009447393829339743,0.5797232652262464,0.9267660098752866,0.11968338707102438,0.11596722826210015,2022/23
WorkStat8_5,0.43059898201350416,5.277407085943625e-08,0.31788885131669714,0.5832714250376326,0.15483724481087832,0.11596722826210015,2022/23
WorkStat8_6,1.5211588044102953,0.00427225581765156,1.1408095718021767,2.0283175785241463,0.14680588874111158,0.11596722826210015,2022/23
WorkStat8_7,0.9891222873284491,0.9361957183886064,0.7567505529585146,1.2928472869493854,0.13662714975294588,0.11596722826210015,2022/23
HHLiv9_1,1.4428939594988965,0.0012681343044455436,1.154526685173675,1.8032870137126513,0.11375735937577634,0.11596722826210015,2022/23
HHLiv9_2,0.9543229128975357,0.661959672147948,0.7738765451236085,1.1768443271992042,0.10693550519628829,0.11596722826210015,2022/23
HHLiv9_3,1.1574148235152568,0.01740493083638349,1.0260341580362027,1.3056183979847444,0.061474537286289536,0.11596722826210015,2022/23
HHLiv9_4,0.9510828246861789,0.6743954777232819,0.7526659254246749,1.201806151783295,0.1193795812489042,0.11596722826210015,2022/23
HHLiv9_5,1.24207660190089,0.02789684840419237,1.0238208638198,1.5068595879495554,0.09859522202673435,0.11596722826210015,2022/23
HHLiv9_6,1.17093939080086,0.38789881637422396,0.818396555206716,1.675348030494542,0.18276590852657043,0.11596722826210015,2022/23
HHLiv9_7,0.9580167227404642,0.6908919388430002,0.775465276052473,1.1835424091745865,0.10786015965873337,0.11596722826210015,2022/23
HHLiv9_8,0.7974357364547066,0.054170472174868756,0.6333304303346936,1.004063160898501,0.11755775064629853,0.11596722826210015,2022/23
